timestamp,user,email,species,primer1,primer2,amtprimer1,amtprimer2,polymerase_name,pcrid,t1_min,temp1,cycles1,melting_t2_min,melting_temp2,annealing_t2_min,annealing_temp2,extension_t2_min,extension_temp2,cycles2,t3_min,temp3,cycles3,band_size,dna_amt,t1_sec,melting_t2_sec,annealing_t2_sec,extension_t2_sec,t5_sec,polymerase_brand,polymerase_catalog_number,template_type,dna_amt_units,wrong_bands,right_band,no_bands,band_size_units,customized_salts,buffer,dmso_amount,notes
12/17/2021 15:03,sawyeradmin,wu.sharonsy@gmail.com,h. sapiens,ATGGCAGACAAACCAGAC,TTAGGAAATTTCACTCCGCTTC,0.5,0.5,Q5 High-Fidelity DNA Polymerase,alison's,0,98,1,0,98,0,64,0,72,25,2,72,1,134,2.5,30,10,20,5,0,NEB,M0492,gDNA,?g,FALSE,FALSE,FALSE,bp,FALSE,,,TMSB10
12/17/2021 15:04,sawyeradmin,wu.sharonsy@gmail.com,h. sapiens,ATGTCTGACAAACCCGATATGG,TTACGATTCGCCTGCTTG,0.5,0.5,Q5 High-Fidelity DNA Polymerase,alison's,0,98,1,0,98,0,64,0,72,25,2,72,1,134,2.5,30,10,20,5,0,NEB,M0492,gDNA,?g,FALSE,FALSE,FALSE,bp,FALSE,,,TMSB4X
12/17/2021 15:05,sawyeradmin,wu.sharonsy@gmail.com,h. sapiens,ATGGCTCCCGAAGTTTTG,TTACTTTACACTCTGAAAGATACCAG,0.5,0.5,Q5 High-Fidelity DNA Polymerase,alison's,0,98,1,0,98,0,62,0,72,25,2,72,1,227,2.5,30,10,20,10,0,NEB,M0492,gDNA,?g,FALSE,FALSE,FALSE,bp,FALSE,,,COX6C
12/17/2021 15:06,sawyeradmin,wu.sharonsy@gmail.com,h. sapiens,ATGGCCCACAAGCAGATC,TCATTTTTGTTGATCTTTTGGAAGAGG,0.5,0.5,Q5 High-Fidelity DNA Polymerase,alison's,0,98,1,0,98,0,62,0,72,25,2,72,1,239,2.5,30,10,20,10,0,NEB,M0492,gDNA,?g,FALSE,FALSE,FALSE,bp,FALSE,,,CKS2
12/17/2021 15:07,sawyeradmin,wu.sharonsy@gmail.com,h. sapiens,ATGCCATCTCAAATGGAACACG,CTACTTCTTTCCCTTCTGCTTCATG,0.5,0.5,Q5 High-Fidelity DNA Polymerase,alison's,0,98,1,0,98,0,66,0,72,25,2,72,1,293,2.5,30,10,20,10,0,NEB,M0492,gDNA,?g,FALSE,FALSE,FALSE,bp,FALSE,,,S100A10
12/17/2021 15:08,sawyeradmin,wu.sharonsy@gmail.com,h. sapiens,ATGTCTCACACCATTTTGCTG,TTATTTCCCAGCCTGTTGG,0.5,0.5,Q5 High-Fidelity DNA Polymerase,alison's,0,98,1,0,98,0,62,0,72,25,2,72,1,314,2.5,30,10,20,10,0,NEB,M0492,gDNA,?g,FALSE,FALSE,FALSE,bp,FALSE,,,ERH
12/17/2021 15:14,sawyeradmin,wu.sharonsy@gmail.com,h. sapiens,ATGTCGGCGTCGGTAGTG,TCAGCCAACAAAGTTCATGACAAC,0.5,0.5,Q5 High-Fidelity DNA Polymerase,alison's,0,98,1,0,98,0,66,0,72,25,2,72,1,341,2.5,30,10,20,10,0,NEB,M0492,gDNA,?g,FALSE,FALSE,FALSE,bp,FALSE,,,DAD1
12/17/2021 15:14,sawyeradmin,wu.sharonsy@gmail.com,h. sapiens,ATGGTGGCCGCAAAGAAG,TTACTTTTCACCAGTCTGTTCTGG,0.5,0.5,Q5 High-Fidelity DNA Polymerase,alison's,0,98,1,0,98,0,66,0,72,25,2,72,1,347,2.5,30,10,20,10,0,NEB,M0492,gDNA,?g,FALSE,FALSE,FALSE,bp,FALSE,,,RPL30
12/17/2021 15:15,sawyeradmin,wu.sharonsy@gmail.com,h. sapiens,ATGGCCAAGATCAAGGCTCG,TCAGGCCTTGACCGCG,0.5,0.5,Q5 High-Fidelity DNA Polymerase,alison's,0,98,1,0,98,0,69,0,72,25,2,72,1,371,2.5,30,10,20,10,0,NEB,M0492,gDNA,?g,FALSE,FALSE,FALSE,bp,FALSE,,,RPL35
12/17/2021 15:17,sawyeradmin,wu.sharonsy@gmail.com,h. sapiens,ATGGCCGGGTGGAACG,TCAGTACTGGGAACGCCG,0.5,0.5,Q5 High-Fidelity DNA Polymerase,alison's,0,98,1,0,98,0,68,0,72,25,2,72,1,422,2.5,30,10,20,15,0,NEB,M0492,gDNA,?g,FALSE,FALSE,FALSE,bp,FALSE,,,PFN1
12/17/2021 15:18,sawyeradmin,wu.sharonsy@gmail.com,h. sapiens,ATGGCGGCGTCAAAGG,CTACGTGTACCACATGAAGCC,0.5,0.5,Q5 High-Fidelity DNA Polymerase,alison's,0,98,1,0,98,0,66,0,72,25,2,72,1,434,2.5,30,10,20,15,0,NEB,M0492,gDNA,?g,FALSE,FALSE,FALSE,bp,FALSE,,,NDUFA13
12/17/2021 15:19,sawyeradmin,wu.sharonsy@gmail.com,h. sapiens,ATGGCGGACATTCAGACTG,TCAGAACTTCTGGAACTGCTTC,0.5,0.5,Q5 High-Fidelity DNA Polymerase,alison's,0,98,1,0,98,0,66,0,72,25,2,72,1,476,2.5,30,10,20,15,0,NEB,M0492,gDNA,?g,FALSE,FALSE,FALSE,bp,FALSE,,,RPS11
12/17/2021 15:19,sawyeradmin,wu.sharonsy@gmail.com,h. sapiens,ATGAGCTCCCAGATTCGTC,TTAGTCGTGCTTGAGAGTGAG,0.5,0.5,Q5 High-Fidelity DNA Polymerase,alison's,0,98,1,0,98,0,66,0,72,25,2,72,1,527,2.5,30,10,20,15,0,NEB,M0492,gDNA,?g,FALSE,FALSE,FALSE,bp,FALSE,,,FTL
12/17/2021 15:20,sawyeradmin,wu.sharonsy@gmail.com,h. sapiens,ATGAAGGCCTCGGGC,CTAGAAGAAGGTGTTGGGCC,0.5,0.5,Q5 High-Fidelity DNA Polymerase,alison's,0,98,1,0,98,0,66,0,72,25,2,72,1,530,2.5,30,10,20,15,0,NEB,M0492,gDNA,?g,FALSE,FALSE,FALSE,bp,FALSE,,,RPL18A
12/17/2021 15:21,sawyeradmin,wu.sharonsy@gmail.com,h. sapiens,ATGAGGCTGCTGTCATTTG,TCAGTTCTTCTTCGTTTTGGG,0.5,0.5,Q5 High-Fidelity DNA Polymerase,alison's,0,98,1,0,98,0,62,0,72,25,2,72,1,551,2.5,30,10,20,15,0,NEB,M0492,gDNA,?g,FALSE,FALSE,FALSE,bp,FALSE,,,SSR2
12/17/2021 15:23,sawyeradmin,wu.sharonsy@gmail.com,h. sapiens,ATGTTCAGTTCGAGCGC,TTACAATTGAAACTCTGGGAATTC,0.5,0.5,Q5 High-Fidelity DNA Polymerase,alison's,0,98,1,0,98,0,62,0,72,25,2,72,1,584,2.5,30,10,20,15,0,NEB,M0492,gDNA,?g,FALSE,FALSE,FALSE,bp,FALSE,,,RPS7
12/17/2021 15:25,sawyeradmin,wu.sharonsy@gmail.com,h. sapiens,ATGGTGTCCATGAGTTTCAAG,TCAGGCAGGTAAGTAAGGAG,0.5,0.5,Q5 High-Fidelity DNA Polymerase,alison's,0,98,1,0,98,0,62,0,72,25,2,72,1,701,2.5,30,10,20,20,0,NEB,M0492,gDNA,?g,FALSE,FALSE,FALSE,bp,FALSE,,,LAPTM4A
12/17/2021 15:25,sawyeradmin,wu.sharonsy@gmail.com,h. sapiens,ATGAAGCTGAACATCTCCTT,TTATTTCTGACTGGATTCAGACT,0.5,0.5,Q5 High-Fidelity DNA Polymerase,alison's,0,98,1,0,98,0,62,0,72,25,2,72,1,749,2.5,30,10,20,20,0,NEB,M0492,gDNA,?g,FALSE,FALSE,FALSE,bp,FALSE,,,RPS6
12/17/2021 15:28,sawyeradmin,wu.sharonsy@gmail.com,h. sapiens,ATGGCGGATGACGCCG,CTATGTTGTAGCCACAGCTGGAG,0.5,0.5,Q5 High-Fidelity DNA Polymerase,alison's,0,98,1,0,98,0,66,0,72,25,2,72,1,881,2.5,30,10,20,20,0,NEB,M0492,gDNA,?g,FALSE,FALSE,FALSE,bp,FALSE,,,RPS2
12/17/2021 15:28,sawyeradmin,wu.sharonsy@gmail.com,h. sapiens,ATGACTGAGCAGATGACCCTTC,CTAGCGTGTGCCAATGGTC,0.5,0.5,Q5 High-Fidelity DNA Polymerase,alison's,0,98,1,0,98,0,66,0,72,25,2,72,1,953,2.5,30,10,20,20,0,NEB,M0492,gDNA,?g,FALSE,FALSE,FALSE,bp,FALSE,,,RACK1
12/17/2021 15:29,sawyeradmin,wu.sharonsy@gmail.com,h. sapiens,ATGGCAATGGTATCAGAATTCCTC,TTAGTTTCCTCCACAAAGAGCC,0.5,0.5,Q5 High-Fidelity DNA Polymerase,alison's,0,98,1,0,98,0,66,0,72,25,2,72,1,1040,2.5,30,10,20,20,0,NEB,M0492,gDNA,?g,FALSE,FALSE,FALSE,bp,FALSE,,,ANXA1
12/17/2021 15:30,sawyeradmin,wu.sharonsy@gmail.com,h. sapiens,ATGGCGGAGTACGACTTG,TCAGTAGAAGCCAGAATCTTGAG,0.5,0.5,Q5 High-Fidelity DNA Polymerase,alison's,0,98,1,0,98,0,65,0,72,25,2,72,1,1337,2.5,30,10,20,40,0,NEB,M0492,gDNA,?g,FALSE,FALSE,FALSE,bp,FALSE,,,EIF3E
12/17/2021 15:31,sawyeradmin,wu.sharonsy@gmail.com,h. sapiens,ATGTCCATCCACTTCAGCTCC,TCAGTCGCGGGCACTC,0.5,0.5,Q5 High-Fidelity DNA Polymerase,alison's,0,98,1,0,98,0,65,0,72,25,2,72,1,1409,2.5,30,10,20,40,0,NEB,M0492,gDNA,?g,FALSE,FALSE,FALSE,bp,FALSE,,,KRT7
12/17/2021 15:31,sawyeradmin,wu.sharonsy@gmail.com,h. sapiens,ATGTCATCCTCAGGCACG,TTATGAGTTCTTCTGAGAGATTTTCACTG,0.5,0.5,Q5 High-Fidelity DNA Polymerase,alison's,0,98,1,0,98,0,65,0,72,25,2,72,1,1505,2.5,30,10,20,40,0,NEB,M0492,gDNA,?g,FALSE,FALSE,FALSE,bp,FALSE,,,ALDH1A1
12/17/2021 15:32,sawyeradmin,wu.sharonsy@gmail.com,h. sapiens,ATGACCTGCGGATCAGG,CTAACATTTCCGGCAGCT,0.5,0.5,Q5 High-Fidelity DNA Polymerase,alison's,0,98,1,0,98,0,65,0,72,25,2,72,1,1517,2.5,30,10,20,40,0,NEB,M0492,gDNA,?g,FALSE,FALSE,FALSE,bp,FALSE,,,KRT81
