timestamp,user,email,species,primer1,primer2,amtprimer1,amtprimer2,polymerase_name,pcrid,t1_min,temp1,cycles1,melting_t2_min,melting_temp2,annealing_t2_min,annealing_temp2,extension_t2_min,extension_temp2,cycles2,t3_min,temp3,cycles3,band_size,dna_amt,t1_sec,melting_t2_sec,annealing_t2_sec,extension_t2_min.1,t5_sec,polymerase_brand,polymerase_catalog_number,template_type,dna_amt_units,wrong_bands,right_band,no_bands,band_size_units,customized_salts
1/31/2018 16:50,anonymous,elju4783@colorado.edu,homo sapiens,GCTTCACATTCTCAGGAACTCTCC,GCAGGGCGAGGGGCAGG,0.2,0.2,PCR SuperMix High Fidelity,IR Baboon,0,94,1,0,94,0,60,0,72,44,10,72,1,369.0,0.0,30,30,30,30,0,Invitrogen,10790020,cDNA,?g,False,False,True,bp,FALSE
1/31/2018 16:51,anonymous,elju4783@colorado.edu,homo sapiens,GCTTCACATTCTCAGGAACTCTCC,GGCATGGTTCTCTTCTCTGC,0.2,0.2,PCR SuperMix High Fidelity,IR Baboon,0,94,1,0,94,0,60,0,72,44,10,72,1,369.0,0.0,30,30,30,30,0,Invitrogen,10790020,cDNA,?g,False,False,True,bp,FALSE
1/31/2018 16:51,anonymous,elju4783@colorado.edu,homo sapiens,GCTTCACATTCTCAGGAACTCTCC,CGCTGGGTCAGGATGGCTGG,0.2,0.2,PCR SuperMix High Fidelity,IR Baboon,0,94,1,0,94,0,60,0,72,44,10,72,1,369.0,0.0,30,30,30,30,0,Invitrogen,10790020,cDNA,?g,False,False,True,bp,FALSE
1/31/2018 16:52,anonymous,elju4783@colorado.edu,homo sapiens,CACGGAATTAACCCGAGCAGG ,GCAGGGCGAGGGGCAGG,0.2,0.2,PCR SuperMix High Fidelity,IR Baboon,0,94,1,0,94,0,60,0,72,44,10,72,1,369.0,0.0,30,30,30,30,0,Invitrogen,10790020,cDNA,?g,False,True,False,bp,FALSE
1/31/2018 16:52,anonymous,elju4783@colorado.edu,homo sapiens,CACGGAATTAACCCGAGCAGG ,GGCATGGTTCTCTTCTCTGC,0.2,0.2,PCR SuperMix High Fidelity,IR Baboon,0,94,1,0,94,0,60,0,72,44,10,72,1,369.0,0.0,30,30,30,30,0,Invitrogen,10790020,cDNA,?g,False,True,False,bp,FALSE
1/31/2018 16:52,anonymous,elju4783@colorado.edu,homo sapiens,CACGGAATTAACCCGAGCAGG ,CGCTGGGTCAGGATGGCTGG,0.2,0.2,PCR SuperMix High Fidelity,IR Baboon,0,94,1,0,94,0,60,0,72,44,10,72,1,369.0,0.0,30,30,30,30,0,Invitrogen,10790020,cDNA,?g,False,True,False,bp,FALSE
1/31/2018 16:54,anonymous,elju4783@colorado.edu, Macaca mulatta,GCTTCACATTCTCAGGAACTCTCC ,GCAGGGCGAGGGGCAGG,0.2,0.2,PCR SuperMix High Fidelity,IR Baboon,0,94,1,0,94,0,60,0,72,44,10,72,1,369.0,0.0,30,30,30,30,0,Invitrogen,10790020,cDNA,?g,False,True,False,bp,FALSE
1/31/2018 16:54,anonymous,elju4783@colorado.edu, Macaca mulatta,GCTTCACATTCTCAGGAACTCTCC ,GGCATGGTTCTCTTCTCTGC,0.2,0.2,PCR SuperMix High Fidelity,IR Baboon,0,94,1,0,94,0,60,0,72,44,10,72,1,369.0,0.0,30,30,30,30,0,Invitrogen,10790020,cDNA,?g,False,True,False,bp,FALSE
1/31/2018 16:54,anonymous,elju4783@colorado.edu, Macaca mulatta,GCTTCACATTCTCAGGAACTCTCC ,CGCTGGGTCAGGATGGCTGG,0.2,0.2,PCR SuperMix High Fidelity,IR Baboon,0,94,1,0,94,0,60,0,72,44,10,72,1,369.0,0.0,30,30,30,30,0,Invitrogen,10790020,cDNA,?g,False,True,False,bp,FALSE
1/31/2018 16:56,anonymous,elju4783@colorado.edu, Macaca mulatta,CACGGAATTAACCCGAGCAGG  ,GCAGGGCGAGGGGCAGG,0.2,0.2,PCR SuperMix High Fidelity,IR Baboon,0,94,1,0,94,0,60,0,72,44,10,72,1,369.0,0.0,30,30,30,30,0,Invitrogen,10790020,cDNA,?g,False,True,False,bp,FALSE
1/31/2018 16:56,anonymous,elju4783@colorado.edu, Macaca mulatta,CACGGAATTAACCCGAGCAGG  ,GGCATGGTTCTCTTCTCTGC,0.2,0.2,PCR SuperMix High Fidelity,IR Baboon,0,94,1,0,94,0,60,0,72,44,10,72,1,369.0,0.0,30,30,30,30,0,Invitrogen,10790020,cDNA,?g,False,False,True,bp,FALSE
1/31/2018 17:01,anonymous,elju4783@colorado.edu, Papio anubis,CACGGAATTAACCCGAGCAGG    ,CGCTGGGTCAGGATGGCTGG,0.2,0.2,PCR SuperMix High Fidelity,IR Baboon,0,94,1,0,94,0,60,0,72,44,10,72,1,369.0,0.0,30,30,30,30,0,Invitrogen,10790020,cDNA,?g,False,False,True,bp,FALSE
1/31/2018 17:04,anonymous,elju4783@colorado.edu, Papio anubis,GCTTCACATTCTCAGGAACTCTCC    ,GCAGGGCGAGGGGCAGG,0.2,0.2,Platinum SuperMix High Fidelity,IR Baboon,0,94,1,0,94,0,55,0,72,30,10,72,1,369.0,0.0,30,30,30,30,0,Invitrogen,12532016,cDNA,?g,False,False,True,bp,FALSE
1/31/2018 17:05,anonymous,elju4783@colorado.edu, Papio anubis,GCTTCACATTCTCAGGAACTCTCC    ,GGCATGGTTCTCTTCTCTGC,0.2,0.2,Platinum SuperMix High Fidelity,IR Baboon,0,94,1,0,94,0,55,0,72,30,10,72,1,369.0,0.0,30,30,30,30,0,Invitrogen,12532016,cDNA,?g,False,True,False,bp,FALSE
1/31/2018 17:06,anonymous,elju4783@colorado.edu,  Colobus angolensis ,GCTTCACATTCTCAGGAACTCTCC    ,GCAGGGCGAGGGGCAGG,0.2,0.2,Platinum SuperMix High Fidelity,IR Baboon,0,94,1,0,94,0,55,0,72,30,10,72,1,369.0,0.0,30,30,30,30,0,Invitrogen,12532016,cDNA,?g,False,False,True,bp,FALSE
1/31/2018 17:06,anonymous,elju4783@colorado.edu,  Colobus angolensis ,CACGGAATTAACCCGAGCAGG     ,CGCTGGGTCAGGATGGCTGG,0.2,0.2,Platinum SuperMix High Fidelity,IR Baboon,0,94,1,0,94,0,55,0,72,30,10,72,1,369.0,0.0,30,30,30,30,0,Invitrogen,12532016,cDNA,?g,False,False,True,bp,FALSE
1/31/2018 17:07,anonymous,elju4783@colorado.edu,Pongo abelii ,GCTTCACATTCTCAGGAACTCTCC     ,GCAGGGCGAGGGGCAGG,0.2,0.2,Platinum SuperMix High Fidelity,IR Baboon,0,94,1,0,94,0,55,0,72,30,10,72,1,369.0,0.0,30,30,30,30,0,Invitrogen,12532016,cDNA,?g,True,False,False,bp,FALSE
2/1/2018 13:35,anonymous,elju4783@colorado.edu, Papio anubis,GCTTCACATTCTCAGGAACTCTCC     ,GCAGGGCGAGGGGCAGG,0.2,0.2,Platinum SuperMix High Fidelity,ABU,0,94,1,0,94,0,60,0,72,30,10,72,1,369.0,0.0,30,30,30,30,0,Invitrogen,12532016,cDNA,?g,False,True,False,bp,FALSE
2/1/2018 13:36,anonymous,elju4783@colorado.edu, Papio anubis,GCTTCACATTCTCAGGAACTCTCC     ,GGCATGGTTCTCTTCTCTGC,0.2,0.2,Platinum SuperMix High Fidelity,ABU,0,94,1,0,94,0,60,0,72,30,10,72,1,369.0,0.0,30,30,30,30,0,Invitrogen,12532016,cDNA,?g,False,True,False,bp,FALSE
2/1/2018 13:36,anonymous,elju4783@colorado.edu, Papio anubis,GCTTCACATTCTCAGGAACTCTCC     ,CGCTGGGTCAGGATGGCTGG,0.2,0.2,Platinum SuperMix High Fidelity,ABU,0,94,1,0,94,0,60,0,72,30,10,72,1,369.0,0.0,30,30,30,30,0,Invitrogen,12532016,cDNA,?g,False,True,False,bp,FALSE
2/1/2018 13:36,anonymous,elju4783@colorado.edu, Papio anubis,CACGGAATTAACCCGAGCAGG      ,CGCTGGGTCAGGATGGCTGG,0.2,0.2,Platinum SuperMix High Fidelity,ABU,0,94,1,0,94,0,60,0,72,30,10,72,1,369.0,0.0,30,30,30,30,0,Invitrogen,12532016,cDNA,?g,False,False,True,bp,FALSE
2/1/2018 13:37,anonymous,elju4783@colorado.edu, Papio anubis,CACGGAATTAACCCGAGCAGG      ,GGCATGGTTCTCTTCTCTGC,0.2,0.2,Platinum SuperMix High Fidelity,ABU,0,94,1,0,94,0,60,0,72,30,10,72,1,369.0,0.0,30,30,30,30,0,Invitrogen,12532016,cDNA,?g,False,False,True,bp,FALSE
2/1/2018 13:37,anonymous,elju4783@colorado.edu, Papio anubis,CACGGAATTAACCCGAGCAGG      ,CACGGAATTAACCCGAGCAGG ,0.2,0.2,Platinum SuperMix High Fidelity,ABU,0,94,1,0,94,0,60,0,72,30,10,72,1,369.0,0.0,30,30,30,30,0,Invitrogen,12532016,cDNA,?g,False,False,True,bp,FALSE
2/1/2018 13:38,anonymous,elju4783@colorado.edu,Lophocebus aterrimus,GCTTCACATTCTCAGGAACTCTCC      ,GCAGGGCGAGGGGCAGG ,0.2,0.2,Platinum SuperMix High Fidelity,ABU,0,94,1,0,94,0,60,0,72,30,10,72,1,369.0,0.0,30,30,30,30,0,Invitrogen,12532016,cDNA,?g,False,True,False,bp,FALSE
2/1/2018 13:39,anonymous,elju4783@colorado.edu,Lophocebus aterrimus,GCTTCACATTCTCAGGAACTCTCC      ,GGCATGGTTCTCTTCTCTGC ,0.2,0.2,Platinum SuperMix High Fidelity,ABU,0,94,1,0,94,0,60,0,72,30,10,72,1,369.0,0.0,30,30,30,30,0,Invitrogen,12532016,cDNA,?g,False,True,False,bp,FALSE
2/1/2018 13:39,anonymous,elju4783@colorado.edu,Lophocebus aterrimus,GCTTCACATTCTCAGGAACTCTCC      ,CGCTGGGTCAGGATGGCTGG ,0.2,0.2,Platinum SuperMix High Fidelity,ABU,0,94,1,0,94,0,60,0,72,30,10,72,1,369.0,0.0,30,30,30,30,0,Invitrogen,12532016,cDNA,?g,False,True,False,bp,FALSE
2/1/2018 13:39,anonymous,elju4783@colorado.edu,Lophocebus aterrimus,CACGGAATTAACCCGAGCAGG       ,CGCTGGGTCAGGATGGCTGG ,0.2,0.2,Platinum SuperMix High Fidelity,ABU,0,94,1,0,94,0,60,0,72,30,10,72,1,369.0,0.0,30,30,30,30,0,Invitrogen,12532016,cDNA,?g,False,False,True,bp,FALSE
2/1/2018 13:39,anonymous,elju4783@colorado.edu,Lophocebus aterrimus,CACGGAATTAACCCGAGCAGG       ,GGCATGGTTCTCTTCTCTGC ,0.2,0.2,Platinum SuperMix High Fidelity,ABU,0,94,1,0,94,0,60,0,72,30,10,72,1,369.0,0.0,30,30,30,30,0,Invitrogen,12532016,cDNA,?g,False,False,True,bp,FALSE
2/1/2018 13:39,anonymous,elju4783@colorado.edu,Lophocebus aterrimus,CACGGAATTAACCCGAGCAGG       ,GCAGGGCGAGGGGCAGG ,0.2,0.2,Platinum SuperMix High Fidelity,ABU,0,94,1,0,94,0,60,0,72,30,10,72,1,369.0,0.0,30,30,30,30,0,Invitrogen,12532016,cDNA,?g,False,False,True,bp,FALSE
2/1/2018 17:48,anonymous,elju4783@colorado.edu,hylobates agilis,GCTTCACATTCTCAGGAACTCTCC       ,GCAGGGCGAGGGGCAGG ,0.2,0.2,Platinum SuperMix High Fidelity,ABU,0,94,1,0,94,0,60,0,72,30,10,72,1,369.0,0.0,30,30,30,30,0,Invitrogen,12532016,cDNA,?g,False,False,True,bp,FALSE
2/1/2018 17:48,anonymous,elju4783@colorado.edu,hylobates agilis,GCTTCACATTCTCAGGAACTCTCC       ,GGCATGGTTCTCTTCTCTGC ,0.2,0.2,Platinum SuperMix High Fidelity,ABU,0,94,1,0,94,0,60,0,72,30,10,72,1,369.0,0.0,30,30,30,30,0,Invitrogen,12532016,cDNA,?g,False,False,True,bp,FALSE
2/1/2018 17:48,anonymous,elju4783@colorado.edu,hylobates agilis,GCTTCACATTCTCAGGAACTCTCC       ,CGCTGGGTCAGGATGGCTGG ,0.2,0.2,Platinum SuperMix High Fidelity,ABU,0,94,1,0,94,0,60,0,72,30,10,72,1,369.0,0.0,30,30,30,30,0,Invitrogen,12532016,cDNA,?g,False,False,True,bp,FALSE
2/1/2018 17:48,anonymous,elju4783@colorado.edu,hylobates agilis,CACGGAATTAACCCGAGCAGG        ,CGCTGGGTCAGGATGGCTGG ,0.2,0.2,Platinum SuperMix High Fidelity,ABU,0,94,1,0,94,0,60,0,72,30,10,72,1,369.0,0.0,30,30,30,30,0,Invitrogen,12532016,cDNA,?g,False,True,False,bp,FALSE
2/1/2018 17:48,anonymous,elju4783@colorado.edu,hylobates agilis,CACGGAATTAACCCGAGCAGG        ,GGCATGGTTCTCTTCTCTGC ,0.2,0.2,Platinum SuperMix High Fidelity,ABU,0,94,1,0,94,0,60,0,72,30,10,72,1,369.0,0.0,30,30,30,30,0,Invitrogen,12532016,cDNA,?g,False,True,False,bp,FALSE
2/1/2018 17:49,anonymous,elju4783@colorado.edu,hylobates agilis,CACGGAATTAACCCGAGCAGG        ,GCAGGGCGAGGGGCAGG ,0.2,0.2,Platinum SuperMix High Fidelity,ABU,0,94,1,0,94,0,60,0,72,30,10,72,1,369.0,0.0,30,30,30,30,0,Invitrogen,12532016,cDNA,?g,False,True,False,bp,FALSE
2/1/2018 17:50,anonymous,elju4783@colorado.edu,Macaca fascicularis,GCTTCACATTCTCAGGAACTCTCC        ,GCAGGGCGAGGGGCAGG ,0.2,0.2,Platinum SuperMix High Fidelity,ABU,0,94,1,0,94,0,60,0,72,30,10,72,1,369.0,0.0,30,30,30,30,0,Invitrogen,12532016,cDNA,?g,False,True,False,bp,FALSE
2/1/2018 17:50,anonymous,elju4783@colorado.edu,Macaca fascicularis,GCTTCACATTCTCAGGAACTCTCC        ,GGCATGGTTCTCTTCTCTGC ,0.2,0.2,Platinum SuperMix High Fidelity,ABU,0,94,1,0,94,0,60,0,72,30,10,72,1,369.0,0.0,30,30,30,30,0,Invitrogen,12532016,cDNA,?g,False,True,False,bp,FALSE
2/1/2018 17:50,anonymous,elju4783@colorado.edu,Macaca fascicularis,GCTTCACATTCTCAGGAACTCTCC        ,CGCTGGGTCAGGATGGCTGG ,0.2,0.2,Platinum SuperMix High Fidelity,ABU,0,94,1,0,94,0,60,0,72,30,10,72,1,369.0,0.0,30,30,30,30,0,Invitrogen,12532016,cDNA,?g,False,True,False,bp,FALSE
2/1/2018 17:50,anonymous,elju4783@colorado.edu,Macaca fascicularis,CACGGAATTAACCCGAGCAGG         ,GCAGGGCGAGGGGCAGG ,0.2,0.2,Platinum SuperMix High Fidelity,ABU,0,94,1,0,94,0,60,0,72,30,10,72,1,369.0,0.0,30,30,30,30,0,Invitrogen,12532016,cDNA,?g,False,False,True,bp,FALSE
2/1/2018 17:51,anonymous,elju4783@colorado.edu,Macaca fascicularis,CACGGAATTAACCCGAGCAGG         ,GGCATGGTTCTCTTCTCTGC ,0.2,0.2,Platinum SuperMix High Fidelity,ABU,0,94,1,0,94,0,60,0,72,30,10,72,1,369.0,0.0,30,30,30,30,0,Invitrogen,12532016,cDNA,?g,False,False,True,bp,FALSE
2/1/2018 17:51,anonymous,elju4783@colorado.edu,Macaca fascicularis,CACGGAATTAACCCGAGCAGG         ,CGCTGGGTCAGGATGGCTGG ,0.2,0.2,Platinum SuperMix High Fidelity,ABU,0,94,1,0,94,0,60,0,72,30,10,72,1,369.0,0.0,30,30,30,30,0,Invitrogen,12532016,cDNA,?g,False,False,True,bp,FALSE
10/30/2017 14:52,Michael Smallegan,michael.smallegan@gmail.com,h. sapiens,TGCCTCCCTCAGCAAGGC,TGCCTCCCTCAGCAAGGC,0.25,0.25,Platinum PCR SuperMix High Fidelity,Ahn_lab,0,94,1,0,94,0,54,0,72,30,5,72,1,400.0,200.0,30,30,30,30,0,Invitrogen,12532016,gDNA,?g,True,True,False,bp,HF Buffer
11/3/2017 12:08,Andy Kavran,andrew.kavran@colorado.edu,h. sapiens,ctcgtttagtgaaccgtcagatcg,agaattcggactgtgggcgatgtg,0.5,0.5,Phusion Hot Start II High-Fidelity DNA Polymerase,Ahn_lab,0,98,1,0,98,0,71,0,72,27,5,72,1,1304.0,0.1,30,7,20,20,0,Thermo Scientific,F-549S,Plasmid,?g,False,True,False,bp,HF Buffer
11/3/2017 12:08,Andy Kavran,andrew.kavran@colorado.edu,h. sapiens,ctcgtttagtgaaccgtcagatcg,agaattcggactgtgggcgatgtg,0.5,0.5,Phusion Hot Start II High-Fidelity DNA Polymerase,Ahn_lab,0,98,1,0,98,0,71,0,72,27,5,72,1,1304.0,1.0,30,7,20,20,0,Thermo Scientific,F-549S,Plasmid,?g,False,True,False,bp,HF Buffer
11/3/2017 12:08,Andy Kavran,andrew.kavran@colorado.edu,h. sapiens,ctcgtttagtgaaccgtcagatcg,agaattcggactgtgggcgatgtg,0.5,0.5,Phusion Hot Start II High-Fidelity DNA Polymerase,Ahn_lab,0,98,1,0,98,0,71,0,72,27,5,72,1,1304.0,3.0,30,7,20,20,0,Thermo Scientific,F-549S,Plasmid,?g,False,True,False,bp,HF Buffer
11/3/2017 12:09,Andy Kavran,andrew.kavran@colorado.edu,h. sapiens,ctcgtttagtgaaccgtcagatcg,agaattcggactgtgggcgatgtg,0.5,0.5,Phusion Hot Start II High-Fidelity DNA Polymerase,Ahn_lab,0,98,1,0,98,0,71,0,72,27,5,72,1,1304.0,0.1,30,7,20,20,0,Thermo Scientific,F-549S,Plasmid,?g,False,True,False,bp,HF Buffer
11/3/2017 12:09,Andy Kavran,andrew.kavran@colorado.edu,h. sapiens,ctcgtttagtgaaccgtcagatcg,agaattcggactgtgggcgatgtg,0.5,0.5,Phusion Hot Start II High-Fidelity DNA Polymerase,Ahn_lab,0,98,1,0,98,0,71,0,72,27,5,72,1,1304.0,1.0,30,7,20,20,0,Thermo Scientific,F-549S,Plasmid,?g,False,True,False,bp,HF Buffer
11/3/2017 12:09,Andy Kavran,andrew.kavran@colorado.edu,h. sapiens,ctcgtttagtgaaccgtcagatcg,agaattcggactgtgggcgatgtg,0.5,0.5,Phusion Hot Start II High-Fidelity DNA Polymerase,Ahn_lab,0,98,1,0,98,0,71,0,72,27,5,72,1,1304.0,3.0,30,7,20,20,0,Thermo Scientific,F-549S,Plasmid,?g,False,True,False,bp,HF Buffer
11/22/2017 11:13,Vanessa Bauer DuMont,vaba7447@colorado.edu,Neotoma lepida,GGTACTGGACCCTCAGAAG,CGTCGTGGTTGCCTACC,0.4,0.4,LongAmp Taq DNA Polymerase,Alison's Biorad,0,94,1,0,94,0,56,3,65,30,10,65,1,2.5,0.0,30,30,45,0,0,NEB,12532016,cDNA,?g,True,False,False,kb,FALSE
11/22/2017 11:14,Vanessa Bauer DuMont,vaba7447@colorado.edu,Neotoma lepida,GGTACTGGACCCTCAGAAG,gtcatcagaaggaatcaagggtc,0.4,0.4,LongAmp Taq DNA Polymerase,Alison's Biorad,0,94,1,0,94,0,56,3,65,30,10,65,1,2.5,0.0,30,30,45,0,0,NEB,12532016,cDNA,?g,False,False,True,kb,FALSE
11/22/2017 11:15,Vanessa Bauer DuMont,vaba7447@colorado.edu,Neotoma lepida,atggcgcagtgggagatgctg,gtcatcagaaggaatcaagggtc,0.4,0.4,LongAmp Taq DNA Polymerase,Alison's Biorad,0,94,1,0,94,0,56,3,65,30,10,65,1,2.5,0.0,30,30,45,0,0,NEB,12532016,cDNA,?g,True,False,False,kb,FALSE
11/22/2017 11:15,Vanessa Bauer DuMont,vaba7447@colorado.edu,Neotoma lepida,atggcgcagtgggagatgctg,CGTCGTGGTTGCCTACC,0.4,0.4,LongAmp Taq DNA Polymerase,Alison's Biorad,0,94,1,0,94,0,56,3,65,30,10,65,1,2.5,0.0,30,30,45,0,0,NEB,12532016,cDNA,?g,True,True,False,kb,FALSE
10/24/2017 16:26,Suzannah,suzannah.miller@colorado.edu,h. sapiens,GATCAAGCTTATGGGGCTTCCCAGGCTG,CTCGGAATTCATGCCTCAGATCGATGTATTTCTCTCCCTG,0.5,0.5,PfuUltra High-Fidelity DNA Polymerase,Ahn1,2,95,1,0,95,0,59,4,72,30,10,72,1,2.0,50.0,0,30,30,30,0,Agilent,600380-51,Plasmid,?g,False,False,True,kb,FALSE
11/3/2017 13:57,Suzannah,suzannah.miller@colorado.edu,h. sapiens,GATCAAGCTTATGGGGCTTCCCAGGCTG,CTCGGAATTCATGCCTCAGATCGATGTATTTCTCTCCCTG,0.5,0.5,Phusion Hot Start II High-Fidelity DNA Polymerase,Spencer,0,98,1,0,98,0,72,4,72,29,10,72,1,2.0,10.0,30,7,20,20,0,Invitrogen,F549S,Plasmid,?g,False,True,False,kb,FALSE
11/3/2017 13:58,Suzannah,suzannah.miller@colorado.edu,h. sapiens,GATCAAGCTTATGGGGCTTCCCAGGCTG,CTCGGAATTCATGCCTCAGATCGATGTATTTCTCTCCCTG,0.5,0.5,Phusion Hot Start II High-Fidelity DNA Polymerase,Spencer,0,98,1,0,98,0,72,4,72,29,10,72,1,2.0,1.0,30,7,20,20,0,Invitrogen,F549S,Plasmid,?g,False,False,True,kb,FALSE
11/3/2017 13:59,Suzannah,suzannah.miller@colorado.edu,h. sapiens,GATCAAGCTTATGGGGCTTCCCAGGCTG,CTCGGAATTCATGCCTCAGATCGATGTATTTCTCTCCCTG,0.5,0.5,Phusion Hot Start II High-Fidelity DNA Polymerase,Spencer,0,98,1,0,98,0,72,4,72,29,10,72,1,2.0,8.4,30,7,20,20,0,Invitrogen,F549S,Plasmid,?g,False,True,False,kb,FALSE
11/3/2017 13:59,Suzannah,suzannah.miller@colorado.edu,h. sapiens,GATCAAGCTTATGGGGCTTCCCAGGCTG,CTCGGAATTCATGCCTCAGATCGATGTATTTCTCTCCCTG,0.5,0.5,Phusion Hot Start II High-Fidelity DNA Polymerase,Spencer,0,98,1,0,98,0,72,4,72,29,10,72,1,2.0,4.2,30,7,20,20,0,Invitrogen,F549S,Plasmid,?g,False,True,False,kb,FALSE
11/3/2017 14:01,Suzannah,suzannah.miller@colorado.edu,h. sapiens,GATCAAGCTTATGGGGCTTCCCAGGCTG,CTCGGAATTCATGCCTCAGATCGATGTATTTCTCTCCCTG,0.5,0.5,Phusion Hot Start II High-Fidelity DNA Polymerase,Spencer,0,98,1,0,98,0,72,4,72,29,10,72,1,2.0,5.0,30,7,20,20,0,Invitrogen,F549S,Plasmid,?g,False,True,False,kb,FALSE
11/3/2017 14:01,Suzannah,suzannah.miller@colorado.edu,h. sapiens,GATCAAGCTTATGGGGCTTCCCAGGCTG,CTCGGAATTCATGCCTCAGATCGATGTATTTCTCTCCCTG,0.5,0.5,Phusion Hot Start II High-Fidelity DNA Polymerase,Spencer,0,98,1,0,98,0,72,4,72,29,10,72,1,2.0,1.0,30,7,20,20,0,Invitrogen,F549S,Plasmid,?g,False,True,False,kb,FALSE
11/3/2017 14:01,Suzannah,suzannah.miller@colorado.edu,h. sapiens,GATCAAGCTTATGGGGCTTCCCAGGCTG,CTCGGAATTCATGCCTCAGATCGATGTATTTCTCTCCCTG,0.5,0.5,Phusion Hot Start II High-Fidelity DNA Polymerase,Spencer,0,98,1,0,98,0,72,4,72,29,10,72,1,2.0,0.1,30,7,20,20,0,Invitrogen,F549S,Plasmid,?g,False,True,False,kb,FALSE
11/3/2017 14:21,Michael Smallegan,michael.smallegan@gmail.com,h. sapiens,TGCCTCCCTCAGCAAGGC,TGCCTCCCTCAGCAAGGC,0.25,0.25,Platinum PCR SuperMix High Fidelity,Alison's,0,94,1,0,94,0,54,0,72,30,5,72,1,400.0,200.0,30,30,30,30,0,Invitrogen,12532016,gDNA,?g,True,True,False,bp,FALSE
12/28/2017 15:30,Vanessa Bauer DuMont,vaba7447@colorado.edu,aotus lemurinus,CCCAGGTCTCTGCCTTCC,GCAAAGACCTTTCAAGGCCAGG,0.25,0.25,Platinum PCR SuperMix High Fidelity,Alison's,1,94,1,0,94,0,55,1,68,35,5,68,1,1038.0,0.0,0,30,30,10,0,Invitrogen,12532016,cDNA,?g,False,True,False,bp,FALSE
12/28/2017 15:30,Vanessa Bauer DuMont,vaba7447@colorado.edu,aotus lemurinus,CCCAGGTCTCTGCCTTCC,GCAAAGACCTTTCAAGGCCAGG,0.25,0.25,Platinum PCR SuperMix High Fidelity,Alison's,1,94,1,0,94,0,55,1,68,35,5,68,1,1038.0,0.0,0,30,30,10,0,Invitrogen,12532016,cDNA,?g,False,True,False,bp,FALSE
12/28/2017 15:30,Vanessa Bauer DuMont,vaba7447@colorado.edu,aotus lemurinus,ATGAAGCCTCAGACCAGGAAC,CCTCGTTGAGTATGAAGC,0.25,0.25,Platinum PCR SuperMix High Fidelity,Alison's,1,94,1,0,94,0,55,1,68,35,5,68,1,736.0,0.0,0,30,30,10,0,Invitrogen,12532016,cDNA,?g,False,True,False,bp,FALSE
12/28/2017 15:30,Vanessa Bauer DuMont,vaba7447@colorado.edu,aotus lemurinus,ATGAAGCCTCAGACCAGGAAC,CCTCGTTGAGTATGAAGC,0.25,0.25,Platinum PCR SuperMix High Fidelity,Alison's,1,94,1,0,94,0,55,1,68,35,5,68,1,736.0,0.0,0,30,30,10,0,Invitrogen,12532016,cDNA,?g,False,True,False,bp,FALSE
12/28/2017 15:30,Vanessa Bauer DuMont,vaba7447@colorado.edu,aotus lemurinus,CCCAGGTCTCTGCCTTCC,GCAAAGACCTTTCAAGGCCAGG,0.25,0.25,Platinum PCR SuperMix High Fidelity,Alison's,1,94,1,0,94,0,55,1,68,35,5,68,1,1038.0,0.0,0,30,30,10,0,Invitrogen,12532016,cDNA,?g,False,True,False,bp,FALSE
12/28/2017 15:30,Vanessa Bauer DuMont,vaba7447@colorado.edu,aotus lemurinus,CCCAGGTCTCTGCCTTCC,GCAAAGACCTTTCAAGGCCAGG,0.25,0.25,Platinum PCR SuperMix High Fidelity,Alison's,1,94,1,0,94,0,55,1,68,35,5,68,1,1038.0,0.0,0,30,30,10,0,Invitrogen,12532016,cDNA,?g,False,True,False,bp,FALSE
12/28/2017 15:30,Vanessa Bauer DuMont,vaba7447@colorado.edu,aotus lemurinus,CCCAGGTCTCTGCCTTCC,GCAAAGACCTTTCAAGGCCAGG,0.25,0.25,Platinum PCR SuperMix High Fidelity,Alison's,1,94,1,0,94,0,55,1,68,35,5,68,1,1038.0,0.0,0,30,30,10,0,Invitrogen,12532016,cDNA,?g,False,True,False,bp,FALSE
12/28/2017 15:30,Vanessa Bauer DuMont,vaba7447@colorado.edu,aotus lemurinus,CCCAGGTCTCTGCCTTCC,GCAAAGACCTTTCAAGGCCAGG,0.25,0.25,Platinum PCR SuperMix High Fidelity,Alison's,1,94,1,0,94,0,55,1,68,35,5,68,1,1038.0,0.0,0,30,30,10,0,Invitrogen,12532016,cDNA,?g,False,True,False,bp,FALSE
12/28/2017 15:30,Vanessa Bauer DuMont,vaba7447@colorado.edu,aotus lemurinus,CCCAGGTCTCTGCCTTCC,GCAAAGACCTTTCAAGGCCAGG,0.25,0.25,Platinum PCR SuperMix High Fidelity,Alison's,1,94,1,0,94,0,55,1,68,35,5,68,1,1038.0,0.0,0,30,30,10,0,Invitrogen,12532016,cDNA,?g,False,True,False,bp,FALSE
12/29/2017 16:12,Vanessa Bauer DuMont,vaba7447@colorado.edu,aotus azarae,GCAAAGACCTTTCAAGGCCAGG,CCCAGGTCTCTGCCTTCC,0.2,0.2,Platinum PCR SuperMix High Fidelity,Mojo jo jo,1,94,1,0,94,0,56,1,68,35,5,68,1,1100.0,0.0,0,30,30,0,0,Invitrogen,12532016,cDNA,?g,False,True,False,bp,FALSE
11/14/2017 16:09,Suzannah,suzannah.miller@colorado.edu,soybean,TTAGAATTCATGGGTAAGCCTATCCCTAACCCTCTCCTCGGTCTCGATTCTACGggaaagtcttacccaactgtg,CTTCTTGCGGCCGCTTAGGCATCAGCAAACCCAAG,0.5,0.5,Phusion Hot Start II High-Fidelity DNA Polymerase,Ahn_lab,0,98,1,0,98,0,72,0,72,29,10,72,1,818.0,23.6,30,7,20,16,0,Invitrogen,F549S,Plasmid,?g,False,False,True,bp,FALSE
11/14/2017 16:09,Suzannah,suzannah.miller@colorado.edu,soybean,TTAGAATTCATGGGTAAGCCTATCCCTAACCCTCTCCTCGGTCTCGATTCTACGggaaagtcttacccaactgtg,CTTCTTGCGGCCGCTTAGGCATCAGCAAACCCAAG,0.5,0.5,Phusion Hot Start II High-Fidelity DNA Polymerase,Ahn_lab,0,98,1,0,98,0,72,0,72,29,10,72,1,818.0,4.72,30,7,20,16,0,Invitrogen,F549S,Plasmid,?g,False,False,True,bp,FALSE
11/14/2017 16:09,Suzannah,suzannah.miller@colorado.edu,soybean,TTAGAATTCATGGGTAAGCCTATCCCTAACCCTCTCCTCGGTCTCGATTCTACGggaaagtcttacccaactgtg,CTTCTTGCGGCCGCTTAGGCATCAGCAAACCCAAG,0.5,0.5,Phusion Hot Start II High-Fidelity DNA Polymerase,Ahn_lab,0,98,1,0,98,0,72,0,72,29,10,72,1,818.0,1.18,30,7,20,16,0,Invitrogen,F549S,Plasmid,?g,False,False,True,bp,FALSE
11/14/2017 16:10,Suzannah,suzannah.miller@colorado.edu,soybean,TTAGAATTCATGGGTAAGCCTATCCCTAACCCTCTCCTCGGTCTCGATTCTACGggaaagtcttacccaactgtg,CTTCTTGCGGCCGCTTAGGCATCAGCAAACCCAAG,0.5,0.5,Phusion Hot Start II High-Fidelity DNA Polymerase,Ahn_lab,0,98,1,0,98,0,72,0,72,31,10,72,1,818.0,23.6,30,7,20,16,0,Invitrogen,F549S,Plasmid,?g,False,True,False,bp,FALSE
11/14/2017 16:11,Suzannah,suzannah.miller@colorado.edu,soybean,TTAGAATTCATGGGTAAGCCTATCCCTAACCCTCTCCTCGGTCTCGATTCTACGggaaagtcttacccaactgtg,CTTCTTGCGGCCGCTTAGGCATCAGCAAACCCAAG,0.5,0.5,Phusion Hot Start II High-Fidelity DNA Polymerase,Ahn_lab,0,98,1,0,98,0,72,0,72,31,10,72,1,818.0,11.8,30,7,20,16,0,Invitrogen,F549S,Plasmid,?g,False,True,False,bp,FALSE
11/14/2017 16:11,Suzannah,suzannah.miller@colorado.edu,soybean,TTAGAATTCATGGGTAAGCCTATCCCTAACCCTCTCCTCGGTCTCGATTCTACGggaaagtcttacccaactgtg,CTTCTTGCGGCCGCTTAGGCATCAGCAAACCCAAG,0.5,0.5,Phusion Hot Start II High-Fidelity DNA Polymerase,Ahn_lab,0,98,1,0,98,0,72,0,72,31,10,72,1,818.0,1.0,30,7,20,16,0,Invitrogen,F549S,Plasmid,?g,False,True,False,bp,FALSE
11/14/2017 16:11,Suzannah,suzannah.miller@colorado.edu,soybean,TTAGAATTCATGGGTAAGCCTATCCCTAACCCTCTCCTCGGTCTCGATTCTACGggaaagtcttacccaactgtg,CTTCTTGCGGCCGCTTAGGCATCAGCAAACCCAAG,0.5,0.5,Phusion Hot Start II High-Fidelity DNA Polymerase,Ahn_lab,0,98,1,0,98,0,72,0,72,31,10,72,1,818.0,0.1,30,7,20,16,0,Invitrogen,F549S,Plasmid,?g,False,True,False,bp,FALSE
11/14/2017 16:15,Suzannah,suzannah.miller@colorado.edu,E. coli,TTATGGATCCGGTGGAGGTATGAAGGACAACACCGTGCCC,CATTGCGGCCGCCTATGCGTAATCC,0.5,0.5,Phusion Hot Start II High-Fidelity DNA Polymerase,Ahn_lab,0,98,1,0,98,0,72,0,72,29,10,72,1,1027.0,10.0,30,7,20,10,0,Invitrogen,F549S,Plasmid,?g,False,True,False,bp,FALSE
11/14/2017 16:16,Suzannah,suzannah.miller@colorado.edu,E. coli,TTATGGATCCGGTGGAGGTATGAAGGACAACACCGTGCCC,CATTGCGGCCGCCTATGCGTAATCC,0.5,0.5,Phusion Hot Start II High-Fidelity DNA Polymerase,Ahn_lab,0,98,1,0,98,0,72,0,72,29,10,72,1,1027.0,1.0,30,7,20,10,0,Invitrogen,F549S,Plasmid,?g,False,False,True,bp,FALSE
11/14/2017 16:16,Suzannah,suzannah.miller@colorado.edu,E. coli,TTATGGATCCGGTGGAGGTATGAAGGACAACACCGTGCCC,CATTGCGGCCGCCTATGCGTAATCC,0.5,0.5,Phusion Hot Start II High-Fidelity DNA Polymerase,Ahn_lab,0,98,1,0,98,0,72,0,72,29,10,72,1,1027.0,0.1,30,7,20,10,0,Invitrogen,F549S,Plasmid,?g,False,False,True,bp,FALSE
11/14/2017 16:18,Suzannah,suzannah.miller@colorado.edu,E. coli,TTATGGATCCGGTGGAGGTATGAAGGACAACACCGTGCCC,CATTGCGGCCGCCTATGCGTAATCC,0.5,0.5,Phusion Hot Start II High-Fidelity DNA Polymerase,Ahn_lab,0,98,1,0,98,0,72,0,72,31,10,72,1,1027.0,5.0,30,7,20,20,0,Invitrogen,F549S,Plasmid,?g,False,True,False,bp,FALSE
11/14/2017 16:18,Suzannah,suzannah.miller@colorado.edu,E. coli,TTATGGATCCGGTGGAGGTATGAAGGACAACACCGTGCCC,CATTGCGGCCGCCTATGCGTAATCC,0.5,0.5,Phusion Hot Start II High-Fidelity DNA Polymerase,Ahn_lab,0,98,1,0,98,0,72,0,72,31,10,72,1,1027.0,10.0,30,7,20,20,0,Invitrogen,F549S,Plasmid,?g,False,True,False,bp,FALSE
11/14/2017 16:18,Suzannah,suzannah.miller@colorado.edu,E. coli,TTATGGATCCGGTGGAGGTATGAAGGACAACACCGTGCCC,CATTGCGGCCGCCTATGCGTAATCC,0.5,0.5,Phusion Hot Start II High-Fidelity DNA Polymerase,Ahn_lab,0,98,1,0,98,0,72,0,72,31,10,72,1,1027.0,15.0,30,7,20,20,0,Invitrogen,F549S,Plasmid,?g,False,True,False,bp,FALSE
11/14/2017 16:22,Suzannah,suzannah.miller@colorado.edu,h. sapiens,GATCAAGCTTATGGGGCTTCCCAGGCTG,CTCAGGATCCATGCCTCAGATCGATGTATTTCTCTCCCTG,0.5,0.5,Phusion Hot Start II High-Fidelity DNA Polymerase,Ahn_lab,0,98,1,0,98,0,72,0,72,29,10,72,1,2.0,1.0,30,7,20,30,0,Invitrogen,F549S,Plasmid,?g,False,True,False,kb,FALSE
11/14/2017 16:23,Suzannah,suzannah.miller@colorado.edu,h. sapiens,GATCAAGCTTATGGGGCTTCCCAGGCTG,CTCAGGATCCATGCCTCAGATCGATGTATTTCTCTCCCTG,0.5,0.5,Phusion Hot Start II High-Fidelity DNA Polymerase,Ahn_lab,0,98,1,0,98,0,72,0,72,29,10,72,1,2.0,1.0,30,7,20,30,0,Invitrogen,F549S,Plasmid,?g,False,True,False,kb,FALSE
11/14/2017 16:23,Suzannah,suzannah.miller@colorado.edu,h. sapiens,GATCAAGCTTATGGGGCTTCCCAGGCTG,CTCAGGATCCATGCCTCAGATCGATGTATTTCTCTCCCTG,0.5,0.5,Phusion Hot Start II High-Fidelity DNA Polymerase,Ahn_lab,0,98,1,0,98,0,72,0,72,29,10,72,1,2.0,5.0,30,7,20,30,0,Invitrogen,F549S,Plasmid,?g,False,True,False,kb,FALSE
11/14/2017 16:23,Suzannah,suzannah.miller@colorado.edu,h. sapiens,GATCAAGCTTATGGGGCTTCCCAGGCTG,CTCAGGATCCATGCCTCAGATCGATGTATTTCTCTCCCTG,0.5,0.5,Phusion Hot Start II High-Fidelity DNA Polymerase,Ahn_lab,0,98,1,0,98,0,72,0,72,29,10,72,1,2.0,5.0,30,7,20,30,0,Invitrogen,F549S,Plasmid,?g,False,True,False,kb,FALSE
1/29/2018 9:10,Suzannah,suzannah.miller@colorado.edu,h. sapiens,GATCAAGCTTATGGGGCTTCCCAGGCTG,CTCGGAATTCATGCCTCAGATCGATGTATTTCTCTCCCTG,0.5,0.5,Phusion Hot Start II High-Fidelity DNA Polymerase,Ahn_lab,0,98,1,0,98,0,72,0,72,29,10,72,1,2.0,1.0,30,7,20,30,0,Invitrogen,F549S,Plasmid,?g,False,True,False,kb,FALSE
1/29/2018 9:11,Suzannah,suzannah.miller@colorado.edu,h. sapiens,GATCAAGCTTATGGGGCTTCCCAGGCTG,CTCGGAATTCATGCCTCAGATCGATGTATTTCTCTCCCTG,0.5,0.5,Phusion Hot Start II High-Fidelity DNA Polymerase,Ahn_lab,0,98,1,0,98,0,72,0,72,29,10,72,1,2.0,5.0,30,7,20,30,0,Invitrogen,F549S,Plasmid,?g,False,True,False,kb,FALSE
1/29/2018 9:20,Suzannah,suzannah.miller@colorado.edu,Aequorea victoria?,TTATGGATCCGGTGGAGGTATGGTGAGCAAGGGC,CATTGCGGCCGCTTACTTGTACAGCTCGTCCATG,0.5,0.5,Phusion Hot Start II High-Fidelity DNA Polymerase,Ahn_lab,0,98,1,0,98,0,72,0,72,29,10,72,1,751.0,5.0,30,7,20,15,0,Invitrogen,F549S,Plasmid,?g,False,True,False,bp,FALSE
1/29/2018 9:21,Suzannah,suzannah.miller@colorado.edu,Aequorea victoria?,TTATGGATCCGGTGGAGGTATGGTGAGCAAGGGC,CATTGCGGCCGCTTACTTGTACAGCTCGTCCATG,0.5,0.5,Phusion Hot Start II High-Fidelity DNA Polymerase,Ahn_lab,0,98,1,0,98,0,72,0,72,29,10,72,1,751.0,1.0,30,7,20,15,0,Invitrogen,F549S,Plasmid,?g,False,True,False,bp,FALSE
1/29/2018 9:21,Suzannah,suzannah.miller@colorado.edu,Aequorea victoria?,TTATGGATCCGGTGGAGGTATGGTGAGCAAGGGC,CATTGCGGCCGCTTACTTGTACAGCTCGTCCATG,0.5,0.5,Phusion Hot Start II High-Fidelity DNA Polymerase,Ahn_lab,0,98,1,0,98,0,72,0,72,29,10,72,1,751.0,0.1,30,7,20,15,0,Invitrogen,F549S,Plasmid,?g,False,True,False,bp,FALSE
1/29/2018 9:44,Suzannah,suzannah.miller@colorado.edu,h. sapiens,GGACTCAGATCTCGAGCTCAAGCTTATGCCCAAAACGATCAGTGT,TCCTTCATACCTCCACCGGATCCCATAGACTCAAATTCGTCAATGCG,0.5,0.5,Phusion Hot Start II High-Fidelity DNA Polymerase,Ahn_lab,0,98,1,0,98,0,72,0,72,35,10,72,1,1779.0,0.5,30,7,20,20,0,Invitrogen,F549S,Plasmid,?g,False,True,False,bp,FALSE
1/29/2018 9:44,Suzannah,suzannah.miller@colorado.edu,h. sapiens,GGACTCAGATCTCGAGCTCAAGCTTATGCCCAAAACGATCAGTGT,TCCTTCATACCTCCACCGGATCCCATAGACTCAAATTCGTCAATGCG,0.5,0.5,Phusion Hot Start II High-Fidelity DNA Polymerase,Ahn_lab,0,98,1,0,98,0,72,0,72,35,10,72,1,1779.0,0.5,30,7,20,20,0,Invitrogen,F549S,Plasmid,?g,False,True,False,bp,FALSE
1/29/2018 9:44,Suzannah,suzannah.miller@colorado.edu,h. sapiens,GGACTCAGATCTCGAGCTCAAGCTTATGCCCAAAACGATCAGTGT,TCCTTCATACCTCCACCGGATCCCATAGACTCAAATTCGTCAATGCG,0.5,0.5,Phusion Hot Start II High-Fidelity DNA Polymerase,Ahn_lab,0,98,1,0,98,0,72,0,72,35,10,72,1,1779.0,0.05,30,7,20,20,0,Invitrogen,F549S,Plasmid,?g,False,True,False,bp,FALSE
1/29/2018 9:44,Suzannah,suzannah.miller@colorado.edu,h. sapiens,GGACTCAGATCTCGAGCTCAAGCTTATGCCCAAAACGATCAGTGT,TCCTTCATACCTCCACCGGATCCCATAGACTCAAATTCGTCAATGCG,0.5,0.5,Phusion Hot Start II High-Fidelity DNA Polymerase,Ahn_lab,0,98,1,0,98,0,72,0,72,35,10,72,1,1779.0,0.05,30,7,20,20,0,Invitrogen,F549S,Plasmid,?g,False,True,False,bp,FALSE
1/29/2018 9:45,Suzannah,suzannah.miller@colorado.edu,h. sapiens,GGACTCAGATCTCGAGCTCAAGCTTATGCCCAAAACGATCAGTGT,TCCTTCATACCTCCACCGGATCCCATAGACTCAAATTCGTCAATGCG,0.5,0.5,Phusion Hot Start II High-Fidelity DNA Polymerase,Ahn_lab,0,98,1,0,98,0,72,0,72,35,10,72,1,1779.0,1.0,30,7,20,20,0,Invitrogen,F549S,Plasmid,?g,False,True,False,bp,FALSE
1/29/2018 9:45,Suzannah,suzannah.miller@colorado.edu,h. sapiens,GGACTCAGATCTCGAGCTCAAGCTTATGCCCAAAACGATCAGTGT,TCCTTCATACCTCCACCGGATCCCATAGACTCAAATTCGTCAATGCG,0.5,0.5,Phusion Hot Start II High-Fidelity DNA Polymerase,Ahn_lab,0,98,1,0,98,0,72,0,72,35,10,72,1,1779.0,1.0,30,7,20,20,0,Invitrogen,F549S,Plasmid,?g,False,True,False,bp,FALSE
1/29/2018 9:55,Suzannah,suzannah.miller@colorado.edu,E. coli,gGATCCGGTGGAGGTATGAAG,Aagcttgagctcgagatctgag,0.5,0.5,Phusion Hot Start II High-Fidelity DNA Polymerase,Ahn_lab,0,98,1,0,98,0,68,1,72,32,10,72,1,3656.0,5.0,30,7,20,0,0,Invitrogen,F549S,Plasmid,?g,False,True,False,bp,FALSE
1/29/2018 9:55,Suzannah,suzannah.miller@colorado.edu,E. coli,gGATCCGGTGGAGGTATGAAG,Aagcttgagctcgagatctgag,0.5,0.5,Phusion Hot Start II High-Fidelity DNA Polymerase,Ahn_lab,0,98,1,0,98,0,68,1,72,32,10,72,1,3656.0,1.0,30,7,20,0,0,Invitrogen,F549S,Plasmid,?g,False,True,False,bp,FALSE
1/29/2018 9:55,Suzannah,suzannah.miller@colorado.edu,E. coli,gGATCCGGTGGAGGTATGAAG,Aagcttgagctcgagatctgag,0.5,0.5,Phusion Hot Start II High-Fidelity DNA Polymerase,Ahn_lab,0,98,1,0,98,0,68,1,72,32,10,72,1,3656.0,0.1,30,7,20,0,0,Invitrogen,F549S,Plasmid,?g,False,True,False,bp,FALSE
9/29/2017 18:32,Michael Smallegan,cody.warren@colorado.edu,Macaca mulatta,TGCCTCCCTCAGCAAGGC,CTTTCAATCCATAGTGTGTTTTCCTCC,0.25,0.25,PrimeSTAR HS DNA Polymerase - Takara/R010A,Donkey Kong,0,94,1,0,94,0,60,0,68,25,5,68,1,400.0,100.0,30,30,30,30,0,Blank,Blank,Gene block,?g,False,True,False,bp,FALSE
10/2/2017 14:12,Microsoft Office User,cody.warren@colorado.edu,Macaca mulatta,AAGCAGCGGGCAAGAAAGACG ,CAAGTTCCTGCCCTCTGTGG,0.2,0.2,Platinum PCR SuperMix High Fidelity - Invitrogen/12532016,Donkey Kong,1,94,1,0,94,0,58,2,72,44,10,72,1,1300.0,50.0,30,30,30,30,0,Blank,Blank,cDNA,?g,False,True,False,bp,FALSE
10/2/2017 14:16,Microsoft Office User,cody.warren@colorado.edu,Hylobates leucogenys,ATGGATTATCAAGTGTCAAGTCC ,tcacaagcccaccgatatttcc,0.2,0.2,Platinum PCR SuperMix High Fidelity - Invitrogen/12532016,Donkey Kong,0,94,1,0,94,0,56,1,72,44,10,72,1,1059.0,50.0,30,30,30,30,0,Blank,Blank,cDNA,?g,False,True,False,bp,FALSE
10/2/2017 14:17,Microsoft Office User,cody.warren@colorado.edu,Alouatta sara,ATGGATTATCAAGTGTCGAGTCC,TCACAAGCCCACAGATATTTCC,0.2,0.2,Platinum PCR SuperMix High Fidelity - Invitrogen/12532016,Donkey Kong,0,94,1,0,94,0,56,1,72,44,10,72,1,1059.0,50.0,30,30,30,30,0,Blank,Blank,cDNA,?g,False,True,False,bp,FALSE
10/2/2017 14:33,Microsoft Office User,cody.warren@colorado.edu,Macaca mulatta,ATGGCACCTATTTTGTATGACTATCG,TCACAGCAGCAGAGCGC,0.2,0.2,Platinum PCR SuperMix High Fidelity - Invitrogen/12532016,Donkey Kong,0,94,1,0,94,0,56,0,72,44,10,72,1,500.0,50.0,30,30,30,45,0,Blank,Blank,cDNA,?g,False,True,False,bp,FALSE
10/2/2017 9:57,Michael Smallegan,vaba7447@colorado.edu,h. sapiens,TGCCTCCCTCAGCAAGGC,CTTTCAATCCATAGTGTGTTTTCCTCC,0.25,0.25,Phusion High-Fidelity PCR Master Mix with HF Buffer - NEB/M0531S,Donkey Kong,0,94,1,0,94,0,60,0,68,25,5,68,1,400.0,200.0,30,30,30,30,0,Blank,Blank,cDNA,?g,False,True,False,bp,FALSE
11/3/2017 9:55,Microsoft Office User,emy.feldman@gmail.com,Q23-17 HIV-1 subtype A,CCTGACCTGGCAGACCAAC,cctgatccccgtcactctcatTGCCACTGTCTTCTGCTC,0.25,0.25,Platinum PCR SuperMix High Fidelity - Invitrogen/12532016,IR Baboon,0,94,1,0,94,0,62,1,72,35,5,72,1,900.0,200.0,30,30,30,0,0,Blank,Blank,plasmid,?g,False,True,False,bp,FALSE
11/3/2017 9:58,Microsoft Office User,emy.feldman@gmail.com,Aotus,ATGGCACCTACTTTGTTTCACTATC,CTAGAGGAGCCGAGCGCC,0.25,0.25,Phusion High-Fidelity PCR Master Mix with HF Buffer - NEB/M0531S,Donkey Kong,0,98,1,0,98,0,64,0,72,35,5,72,1,600.0,200.0,30,20,15,45,0,Blank,Blank,cDNA,?g,False,True,False,bp,FALSE
11/3/2017 10:13,Microsoft Office User,emy.feldman@gmail.com,Aotus,tcgccaccATGGCACCTACTTTGTTTCACT,CTAGAGGAGCCGAGCGCC,0.25,0.25,Phusion High-Fidelity PCR Master Mix with HF Buffer - NEB/M0531S,Donkey Kong,0,98,1,0,98,0,64,0,72,35,5,72,1,600.0,200.0,30,20,15,45,0,Blank,Blank,cDNA,?g,False,True,False,bp,FALSE
11/3/2017 10:15,Microsoft Office User,emy.feldman@gmail.com,Aotus,tcgccaccATGGATTATCAAGTGTCAAGTCCAATCTATGAC,TCACAAGCCCACAGATATTTCCTGTTC,0.25,0.25,Phusion High-Fidelity PCR Master Mix with HF Buffer - NEB/M0531S,Curious George,0,98,1,0,98,0,64,0,72,44,5,72,1,1500.0,50.0,30,20,15,45,0,Blank,Blank,cDNA,?g,False,True,False,bp,FALSE
11/3/2017 10:15,Microsoft Office User,emy.feldman@gmail.com,Aotus,AAGCAGCGGGCAAGAAAGACG,CAAGTTCCTGCCCTCTGTGG,0.25,0.25,Phusion High-Fidelity PCR Master Mix with HF Buffer - NEB/M0531S,Donkey Kong,0,98,1,0,98,0,64,1,72,44,5,72,1,2500.0,50.0,30,20,15,30,0,Blank,Blank,cDNA,?g,False,True,False,bp,FALSE
11/3/2017 10:16,Microsoft Office User,emy.feldman@gmail.com,Aotus,GCAAGAGGAGCCTCAGCAGCCAG,CCCAAAGGGAACTGCAGCGAGAGC,0.25,0.25,Phusion High-Fidelity PCR Master Mix with HF Buffer - NEB/M0531S,Curious George,0,98,1,0,98,0,64,1,72,44,5,72,1,1600.0,50.0,30,20,15,0,0,Blank,Blank,cDNA,?g,False,True,False,bp,FALSE
11/3/2017 10:17,Microsoft Office User,emy.feldman@gmail.com,Aotus,GCAAAGACCTTTCAAGGCCAGG,GGCTTGAAGAGGTGTCCCTGG,0.25,0.25,Phusion High-Fidelity PCR Master Mix with HF Buffer - NEB/M0531S,IR Baboon,0,98,1,0,98,0,64,0,72,44,5,72,1,900.0,50.0,30,20,15,45,0,Blank,Blank,cDNA,?g,True,False,False,bp,FALSE
11/3/2017 10:18,Microsoft Office User,emy.feldman@gmail.com,Aotus,GCAAAGACCTTTCAAGGCCAGG,GGCTTGAAGAGGTGTCCCTGG,0.25,0.25,Platinum PCR SuperMix High Fidelity - Invitrogen/12532016,IR Baboon,0,94,1,0,94,0,64,0,72,44,5,72,1,900.0,50.0,30,30,30,45,0,Blank,Blank,cDNA,?g,False,True,False,bp,FALSE
11/3/2017 10:23,Microsoft Office User,emy.feldman@gmail.com,Q23-17 HIV-1 subtype A,GGTTACATCCAGCGCATGCAGGGCCTCAACAAGCAGGCCAGATGAGAGAACC,GGTTCTCTCATCTGGCCTGCTTGTTGAGGCCCTGCATGCGCTGGATG,0.25,0.25,PfuTurbo DNA Polymerase - Agilent/600250 ,IR Baboon,0,95,1,0,95,1,55,9,68,20,10,68,1,9.9,200.0,30,30,0,0,0,Blank,Blank,Plasmid,?g,False,True,False,kb,FALSE
10/2/2017 9:57,Michael Smallegan,vaba7447@colorado.edu,h. sapiens,TGCCTCCCTCAGCAAGGC,CTTTCAATCCATAGTGTGTTTTCCTCC,0.25,0.25,Phusion High-Fidelity PCR Master Mix with HF Buffer - NEB/M0531S,Donkey Kong,0,94,1,0,94,0,60,0,68,25,5,68,1,400.0,200.0,30,30,30,30,0,Blank,Blank,cDNA,?g,False,True,False,bp,FALSE
10/2/2017 16:10,Maria Kaczmarek,marshki87@gmail.com ,s.scuireus,AGAAGAGCTGAACATCCGTTCCC,AACTCTGACTGTCACCAGCaCc,0.5,0.5,Phusion High-Fidelity PCR Master Mix with HF Buffer - NEB/M0531S,ABU,0,98,1,0,98,0,71,0,72,30,10,72,1,1100.0,200.0,30,10,30,45,0,Blank,Blank,cDNA,?g,True,True,False,bp,FALSE
10/2/2017 16:12,Maria Kaczmarek,marshki87@gmail.com ,s.scuireus,AGAAGAGCTGAACATCCGTTCCC,AACTCTGACTGTCACCAGCaCc,0.5,0.5,Phusion High-Fidelity PCR Master Mix with HF Buffer - NEB/M0531S,ABU,0,98,1,0,98,0,69,0,72,30,10,72,1,1100.0,200.0,30,10,30,45,0,Blank,Blank,cDNA,?g,True,True,False,bp,FALSE
10/2/2017 16:12,Maria Kaczmarek,marshki87@gmail.com ,s.scuireus,ATGGATTACCAAGTGTCAAGTCCAATC,TCACAAGCCCACAGATATTTCCTG,0.5,0.5,Phusion High-Fidelity PCR Master Mix with HF Buffer - NEB/M0531S,ABU,0,98,1,0,98,0,71,0,72,30,10,72,1,1100.0,200.0,30,10,30,45,0,Blank,Blank,gDNA,?g,False,True,False,bp,FALSE
10/2/2017 16:15,Maria Kaczmarek,marshki87@gmail.com ,s.scuireus,ATGGATTACCAAGTGTCAAGTCCAATC,TCACAAGCCCACAGATATTTCCTG,0.5,0.5,Platinum PCR SuperMix High Fidelity - Invitrogen/12532016,ABU,1,94,1,0,94,0,57,1,68,35,10,68,1,1060.0,20.0,0,30,30,10,0,Blank,Blank,gDNA,?g,False,True,False,bp,FALSE
11/1/2017 14:27,Maria Kaczmarek,marshki87@gmail.com ,a.nancymae,ATGGATTATCAAGTGTCAAGTCCAATCTATGAC,TCACAAGCCCACAGATATTTCCTGC,0.21,0.5,PCR SuperMix High Fidelity - Invitrogen/10790020,Evil Monkey,1,94,1,0,94,0,60,1,72,35,10,72,1,1060.0,20.0,30,30,30,20,0,Blank,Blank,gDNA,?g,False,True,True,bp,FALSE
11/1/2017 14:28,Maria Kaczmarek,marshki87@gmail.com ,a.azarae,ATGGATTATCAAGTGTCAAGTCCAATCTATGAC,TCACAAGCCCACAGATATTTCCTGTTC,0.21,0.5,PCR SuperMix High Fidelity - Invitrogen/10790020,Evil Monkey,1,94,1,0,94,0,60,1,72,35,10,72,1,1060.0,20.0,30,30,30,20,0,Blank,Blank,gDNA,?g,False,True,True,bp,FALSE
11/1/2017 14:34,Maria Kaczmarek,marshki87@gmail.com ,s.scuireus,AGAAGAGCTGAaACATCCGTTCCC,AACTCTGACTGTCACCAGCaCc,0.5,0.5,Phusion High-Fidelity PCR Master Mix with HF Buffer - NEB/M0531S,ABU,30,98,1,0,98,0,69,0,72,30,10,72,1,1060.0,20.0,30,10,30,45,0,Blank,Blank,cDNA,?g,False,True,True,bp,FALSE
11/1/2017 14:35,Maria Kaczmarek,marshki87@gmail.com ,s.scuireus,ATGGATTACCAAGTGTCAAGTCCAATC,TCACAAGCCCACAGATATTTCCTG,0.5,0.5,Phusion High-Fidelity PCR Master Mix with HF Buffer - NEB/M0531S,ABU,30,98,1,0,98,0,71,0,72,30,10,72,1,1060.0,20.0,30,10,30,45,0,Blank,Blank,gDNA,?g,False,True,False,bp,FALSE
11/1/2017 14:39,Maria Kaczmarek,marshki87@gmail.com ,old world monkey,GGTGGAACAAGATGGATTATCAAGTGTC,GCCCAGGCTGTGTATCAAAACC,0.5,0.5,Phusion High-Fidelity PCR Master Mix with HF Buffer - NEB/M0531S,ABU,30,98,1,0,98,0,64,0,72,40,10,72,1,1060.0,20.0,30,10,30,35,0,Blank,Blank,cDNA,?g,False,True,False,bp,FALSE
11/1/2017 14:40,Maria Kaczmarek,marshki87@gmail.com ,old world monkey,ATGGATTATCAAGTGTCAAGTCC,TCACAAGCCCACAGATATTTCC,0.5,0.5,Phusion High-Fidelity PCR Master Mix with HF Buffer - NEB/M0531S,ABU,30,98,1,0,98,0,64,0,72,40,10,72,1,1060.0,20.0,30,10,30,35,0,Blank,Blank,cDNA,?g,False,False,True,bp,FALSE
10/2/2017 9:57,Michael Smallegan,vaba7447@colorado.edu,h. sapiens,TGCCTCCCTCAGCAAGGC,CTTTCAATCCATAGTGTGTTTTCCTCC,0.25,0.25,Phusion High-Fidelity PCR Master Mix with HF Buffer - NEB/M0531S,Donkey Kong,30,94,1,0,94,0,60,0,68,25,5,68,1,400.0,200.0,30,30,30,30,0,Blank,Blank,cDNA,?g,False,True,False,bp,FALSE
10/2/2017 12:51,Vanessa Bauer DuMont,vaba7447@colorado.edu,h. sapiens,TGCCTCCCTCAGCAAGGC,CTTTCAATCCATAGTGTGTTTTCCTCC,0.25,0.25,Phusion High-Fidelity PCR Master Mix with HF Buffer - NEB/M0531S,Donkey Kong,30,94,1,0,94,0,60,0,68,25,5,68,1,400.0,200.0,30,30,30,30,0,Blank,Blank,cDNA,?g,False,True,False,bp,FALSE
10/2/2017 13:04,Vanessa Bauer DuMont,vaba7447@colorado.edu,m. musculus,atggcgcagtgggagatgttg,gaaggtatcaagagtccatcccaag,0.5,0.5,Phusion High-Fidelity PCR Master Mix with HF Buffer - NEB/M0531S,Alison's,30,98,1,0,98,0,70,1,72,35,5,72,1,2800.0,0.0,30,10,30,30,0,Blank,Blank,cDNA,?g,False,False,True,bp,FALSE
10/2/2017 13:07,Vanessa Bauer DuMont,vaba7447@colorado.edu,m. musculus,atggcgcagtgggagatgttg,gaaggtatcaagagtccatcccaag,0.4,0.4,LongAmp Taq DNA Polymerase - NEB/M0323S,Alison's,30,94,1,0,94,0,59,2,65,35,10,65,1,2800.0,0.0,30,30,45,41,0,Blank,Blank,cDNA,?g,False,True,False,bp,FALSE
10/2/2017 13:12,Vanessa Bauer DuMont,vaba7447@colorado.edu,h. sapiens,atggcggagccgagcg,ggagagctgggagccc,0.5,0.5,Phusion High-Fidelity PCR Master Mix with HF Buffer - NEB/M0531S,Nim,30,98,1,0,98,0,64,1,72,35,10,72,1,1806.0,0.0,30,10,20,10,0,Blank,Blank,cDNA,?g,False,False,True,bp,FALSE
10/2/2017 13:13,Vanessa Bauer DuMont,vaba7447@colorado.edu,h. sapiens,atgaattctccgggtggacgag,aacagtggtatctccaaagtccttgttc,0.5,0.5,Phusion High-Fidelity PCR Master Mix with HF Buffer - NEB/M0531S,ABU,30,98,1,0,98,0,71,1,72,35,10,72,1,1851.0,0.0,30,10,20,10,0,Blank,Blank,cDNA,?g,False,False,True,bp,FALSE
10/2/2017 13:14,Vanessa Bauer DuMont,vaba7447@colorado.edu,h. sapiens,atgctggtgctcgggctg,cttagatttcttcttaaaaaggc,0.5,0.5,Phusion High-Fidelity PCR Master Mix with HF Buffer - NEB/M0531S,Alison's,30,98,1,0,98,0,56,1,72,35,10,72,1,2265.0,0.0,30,10,20,10,0,Blank,Blank,cDNA,?g,False,False,True,bp,FALSE
10/2/2017 13:20,Vanessa Bauer DuMont,vaba7447@colorado.edu,h. sapiens,ccgcgaggagacgagtc,GGTGCAAGTGTCCAGAGCC,0.5,0.5,Phusion High-Fidelity PCR Master Mix with HF Buffer - NEB/M0531S,Alison's,30,98,1,0,98,0,65,2,72,35,10,72,1,4200.0,0.0,30,10,30,30,0,Blank,Blank,cDNA,?g,True,True,False,bp,FALSE
10/2/2017 13:21,Vanessa Bauer DuMont,vaba7447@colorado.edu,h. sapiens,ccgcgaggagacgagtc,tagggaggcccctgcg,0.5,0.5,Phusion High-Fidelity PCR Master Mix with HF Buffer - NEB/M0531S,Alison's,30,98,1,0,98,0,65,2,72,35,10,72,1,4200.0,0.0,30,10,30,30,0,Blank,Blank,cDNA,?g,True,False,False,bp,FALSE
10/2/2017 13:21,Vanessa Bauer DuMont,vaba7447@colorado.edu,h. sapiens,atggacacggaggatgaccc,GGTGCAAGTGTCCAGAGCC,0.5,0.5,Phusion High-Fidelity PCR Master Mix with HF Buffer - NEB/M0531S,Alison's,30,98,1,0,98,0,65,2,72,35,10,72,1,4200.0,0.0,30,10,30,30,0,Blank,Blank,cDNA,?g,True,False,False,bp,FALSE
10/2/2017 13:24,Vanessa Bauer DuMont,vaba7447@colorado.edu,h. sapiens,atggcgtgcaggcagagag,gtgatttgacacagtccttttctcg,0.5,0.5,Phusion High-Fidelity PCR Master Mix with HF Buffer - NEB/M0531S,Alison's,30,98,1,0,98,0,67,1,72,35,10,72,1,2100.0,0.0,30,10,20,0,0,Blank,Blank,cDNA,?g,False,True,False,bp,FALSE
10/2/2017 13:25,Vanessa Bauer DuMont,vaba7447@colorado.edu,h. sapiens,atggcgtgcctgggcttc,caagggagcctgggtcg,0.5,0.5,Phusion High-Fidelity PCR Master Mix with HF Buffer - NEB/M0531S,Alison's,30,98,1,0,98,0,67,1,72,35,10,72,1,2100.0,0.0,30,10,20,0,0,Blank,Blank,cDNA,?g,False,True,False,bp,FALSE
10/2/2017 13:26,Vanessa Bauer DuMont,vaba7447@colorado.edu,h. sapiens,atggcggtggcggcg,gaagaagttcttgatcagtggagtc,0.5,0.5,Phusion High-Fidelity PCR Master Mix with HF Buffer - NEB/M0531S,Mojo Jo Jo,30,98,1,0,98,0,63,1,72,35,10,72,1,1668.0,0.0,30,10,45,0,0,Blank,Blank,cDNA,?g,True,True,False,bp,FALSE
10/2/2017 13:27,Vanessa Bauer DuMont,vaba7447@colorado.edu,h. sapiens,atgaggagggacgagcgag,ttcctcttcatctgcctcttcaattacc,0.5,0.5,Phusion High-Fidelity PCR Master Mix with HF Buffer - NEB/M0531S,Alison's,30,98,1,0,98,0,67,1,72,35,10,72,1,3336.0,0.0,30,10,20,30,0,Blank,Blank,cDNA,?g,False,False,True,bp,FALSE
7/10/2019 9:59,Nicholas Cordaro,nicholas.cordaro@colorado.edu,h. sapiens,TACTTCCAATCCAATGCAATGGAAAAAATCATGCC,CTCCCACTACCAATGCCTTGTCGACGGCGCTCGAATTC,4.0,4.0,PfuTurbo Cx Hotstart DNA Polymerase,LittleOne,3,95,1,0,95,0,55,1,72,21,3,72,1,950.0,65.0,0,30,30,0,0,Agilent,600410,Plasmid,μg,False,False,True,bp,False
7/10/2019 10:03,Nicholas Cordaro,nicholas.cordaro@colorado.edu,h. sapiens,TACTTCCAATCCAATGCAATGGAAAAAATCATGCC,CTCCCACTACCAATGCCTTGTCGACGGCGCTCGAATTC,4.0,4.0,PfuTurbo Cx Hotstart DNA Polymerase,LittleOne,3,95,1,0,95,0,55,2,72,22,3,72,1,950.0,65.0,0,30,30,0,0,Agilent,600410,Plasmid,μg,False,False,True,bp,False
7/10/2019 10:09,Nicholas Cordaro,nicholas.cordaro@colorado.edu,h. sapiens,TACTTCCAATCCAATGCAATGGAAAAAATCATGCC,CTCCCACTACCAATGCCTTGTCGACGGCGCTCGAATTC,4.0,4.0,PfuTurbo Cx Hotstart DNA Polymerase,LittleOne,5,95,1,1,95,1,55,6,72,20,7,68,1,950.0,65.0,0,0,0,0,0,Agilent,600410,Plasmid,μg,False,True,False,bp,False
7/10/2019 10:09,Nicholas Cordaro,nicholas.cordaro@colorado.edu,h. sapiens,TACTTCCAATCCAATGCAATGGAAAAAATCATGCC,CTCCCACTACCAATGCCTTGTCGACGGCGCTCGAATTC,0.4,0.4,PfuTurbo Cx Hotstart DNA Polymerase,LittleOne,5,95,1,1,95,1,55,6,72,20,7,68,1,950.0,65.0,0,0,0,0,0,Agilent,600410,Plasmid,μg,False,True,False,bp,False
7/15/2019 14:55,Nicholas Cordaro,nicholas.cordaro@colorado.edu,h. sapiens,TACTTCCAATCCAATGCAATGGAAAAAATCATGCC,accaatgatgtcaggGGCATTGGTAGTGGGAGCAA,1.0,1.0,PfuTurbo Cx Hotstart DNA Polymerase,LittleOne,5,95,1,1,95,1,55,18,72,30,7,68,1,8300.0,104.0,0,0,0,0,0,Agilent,600410,Plasmid,μg,True,False,False,bp,False
7/15/2019 14:56,Nicholas Cordaro,nicholas.cordaro@colorado.edu,h. sapiens,TACTTCCAATCCAATGCAATGGAAAAAATCATGCC,accaatgatgtcaggGGCATTGGTAGTGGGAGCAA,0.4,0.4,PfuTurbo Cx Hotstart DNA Polymerase,LittleOne,5,95,1,1,95,1,55,18,72,30,7,68,1,8300.0,104.0,0,0,0,0,0,Agilent,600410,Plasmid,μg,True,False,False,bp,False
7/15/2019 14:58,Nicholas Cordaro,nicholas.cordaro@colorado.edu,h. sapiens,TACTTCCAATCCAATGCAATGGAAAAAATCATGCC,accaatgatgtcaggGGCATTGGTAGTGGGAGCAA,4.0,4.0,PfuTurbo Cx Hotstart DNA Polymerase,LittleOne,5,95,1,1,95,1,60,18,72,30,7,68,1,8300.0,104.0,0,0,0,0,0,Agilent,600410,Plasmid,μg,False,False,True,bp,False
7/15/2019 14:58,Nicholas Cordaro,nicholas.cordaro@colorado.edu,h. sapiens,TACTTCCAATCCAATGCAATGGAAAAAATCATGCC,accaatgatgtcaggGGCATTGGTAGTGGGAGCAA,4.0,4.0,PfuTurbo Cx Hotstart DNA Polymerase,LittleOne,5,95,1,1,95,1,60,18,72,30,7,68,1,8300.0,208.0,0,0,0,0,0,Agilent,600410,Plasmid,μg,False,False,True,bp,False
7/15/2019 15:00,Nicholas Cordaro,nicholas.cordaro@colorado.edu,h. sapiens,TACTTCCAATCCAATGCAATGGAAAAAATCATGCC,accaatgatgtcaggGGCATTGGTAGTGGGAGCAA,0.4,0.4,PfuTurbo Cx Hotstart DNA Polymerase,LittleOne,5,95,1,1,95,1,60,17,72,30,7,68,1,8300.0,104.0,0,0,0,0,0,Agilent,600410,Plasmid,μg,False,True,False,bp,False
7/15/2019 15:00,Nicholas Cordaro,nicholas.cordaro@colorado.edu,h. sapiens,TACTTCCAATCCAATGCAATGGAAAAAATCATGCC,accaatgatgtcaggGGCATTGGTAGTGGGAGCAA,4.0,4.0,PfuTurbo Cx Hotstart DNA Polymerase,LittleOne,5,95,1,1,95,1,60,17,72,30,7,68,1,8300.0,104.0,0,0,0,0,0,Agilent,600410,Plasmid,μg,True,False,False,bp,False
7/15/2019 15:05,Nicholas Cordaro,nicholas.cordaro@colorado.edu,h. sapiens,TACTTCCAATCCAATGCAATGGAAAAAATCATGCC,accaatgatgtcaggGGCATTGGTAGTGGGAGCAA,4.0,4.0,PfuTurbo Cx Hotstart DNA Polymerase,LittleOne,5,95,1,1,95,1,60,17,72,28,7,68,1,8300.0,150.0,0,0,0,0,0,Agilent,600410,Plasmid,μg,False,False,True,bp,False
7/12/2019 15:27,Megan Palacio,megan.palacio@colorado.edu,h. sapiens,catcatatgtcagcagataagccattatccaacatg,atatctcgagttattcaacaggctctgccttcac,10.0,10.0,Phusion DNA polymerase,PCR 1,0,98,1,0,98,0,65,0,70,35,10,72,1,320.0,10.0,30,10,30,15,0,NEB,M0531S,Plasmid,μg,False,True,False,bp,False
7/12/2019 15:40,Megan Palacio,megan.palacio@colorado.edu,h. sapiens,gctgtacaagtactcagatctcgagatGGCGGAGTCTTCTGATAAG,ccgtcgactgcagaattcgaagctTACCACAGGGAGGTCTTAAAATTG,0.5,0.5,Phusion DNA polymerase,PCR 2,2,98,1,0,98,0,65,2,72,34,10,72,1,2725.0,50.0,0,30,30,0,0,NEB,M0531S,Plasmid,μg,True,False,False,bp,False
7/12/2019 15:52,Megan Palacio,megan.palacio@colorado.edu,h. sapiens,gctgtacaagtactcagatctcgagatGGCGGAGTCTTCTGATAAG,ccgtcgactgcagaattcgaagctTACCACAGGGAGGTCTTAAAATTG,0.5,0.5,Phusion DNA polymerase,PCR 3,2,98,1,0,98,0,65,2,72,34,10,72,1,2725.0,50.0,0,30,30,0,0,NEB,M0531S,Plasmid,μg,True,False,False,bp,False
7/12/2019 15:52,Megan Palacio,megan.palacio@colorado.edu,h. sapiens,gctgtacaagtactcagatctcgagatGGCGGAGTCTTCTGATAAG,ccgtcgactgcagaattcgaagctTACCACAGGGAGGTCTTAAAATTG,0.5,0.5,Phusion DNA polymerase,PCR 3,2,98,1,0,98,0,65,2,70,34,10,72,1,2725.0,50.0,0,30,30,0,0,NEB,M0531S,Plasmid,μg,True,False,False,bp,False
7/12/2019 15:54,Megan Palacio,megan.palacio@colorado.edu,h. sapiens,gctgtacaagtactcagatctcgagatGGCGGAGTCTTCTGATAAG,ccgtcgactgcagaattcgaagctTACCACAGGGAGGTCTTAAAATTG,0.5,0.5,Phusion DNA polymerase,PCR 3,2,98,1,0,98,0,65,2,73,34,10,72,1,2725.0,50.0,0,30,30,0,0,NEB,M0531S,Plasmid,μg,True,False,False,bp,False
7/12/2019 15:54,Megan Palacio,megan.palacio@colorado.edu,h. sapiens,gctgtacaagtactcagatctcgagatGGCGGAGTCTTCTGATAAG,ccgtcgactgcagaattcgaagctTACCACAGGGAGGTCTTAAAATTG,0.5,0.5,Phusion DNA polymerase,PCR 3,2,98,1,0,98,0,65,2,74,34,10,72,1,2725.0,50.0,0,30,30,0,0,NEB,M0531S,Plasmid,μg,True,False,False,bp,False
7/3/2019 15:22,genny,genevieve.roberts@colorado.edu,snaptag plasmid- recombinant,atgccgCATATGATGGACAAAGATTGCGAAATGAAACGTACCAC,atgcatgGCATATGCCCGGGGGATCCGCCT,0.5,0.5,Pfu Turbo,PCR #3,5,95,1,1,95,1,63,5,72,25,5,72,1,560.0,50.0,0,0,0,0,0,agilent,600252-52,Plasmid,μg,False,False,True,bp,False
7/3/2019 15:22,genny,genevieve.roberts@colorado.edu,snaptag plasmid- recombinant,atgccgCATATGATGGACAAAGATTGCGAAATGAAACGTACCAC,atgcatgGCATATGCCCGGGGGATCCGCCT,0.5,0.5,Pfu Turbo,PCR #3,5,95,1,1,95,1,62,5,72,35,5,72,1,560.0,50.0,0,0,0,0,0,agilent,600252-52,Plasmid,μg,False,True,False,bp,False
7/8/2019 12:18,genny,genevieve.roberts@colorado.edu,snaptag plasmid- recombinant,atgccgCATATGATGGACAAAGATTGCGAAATGAAACGTACCAC,atgcatgGCATATGCCCGGGGGATCCGCCT,0.5,0.5,Pfu Turbo,PCR #3,5,95,1,1,95,1,63,5,72,35,5,72,1,560.0,50.0,0,0,0,0,0,agilent,600252-52,Plasmid,μg,False,True,False,bp,False
7/11/2019 14:08,BRANT Tyler,tybr1378@colorado.edu,M. musculus,CGGAGAAGAAGGCGGTGG,CCGCTGAGCAATAACTAGC,0.4,0.4,Taq DNA Polymerase,Goodrich Blue PCR,3,95,1,0,95,0,56,0,72,35,7,68,1,235.0,1000.0,0,30,30,30,0,New England Biolabs,M0273,cDNA,μg,True,False,False,bp,False
7/11/2019 14:10,BRANT Tyler,tybr1378@colorado.edu,M. musculus,GCGGCGGATGTTTTCCACAG,CCGCTGAGCAATAACTAGC,0.4,0.4,Taq DNA Polymerase,Goodrich Blue PCR,3,95,1,0,95,0,56,0,72,35,7,68,1,170.0,1000.0,0,30,30,30,0,New England Biolabs,M0273,cDNA,μg,True,False,False,bp,False
7/11/2019 14:12,BRANT Tyler,tybr1378@colorado.edu,M. musculus,GGTGAAGAGCTAAGGGGCTG,CCGCTGAGCAATAACTAGC,0.4,0.4,Taq DNA Polymerase,Goodrich Blue PCR,3,95,1,0,95,0,56,0,72,35,7,68,1,210.0,1000.0,0,30,30,30,0,New England Biolabs,M0273,cDNA,μg,True,False,False,bp,False
7/11/2019 14:17,BRANT Tyler,tybr1378@colorado.edu,M. musculus,GTCGTGGGTGAGGGCGTCTTG,CCGCTGAGCAATAACTAGC,0.4,0.4,Taq DNA Polymerase,Goodrich Blue PCR,3,95,1,0,95,0,56,0,72,35,7,68,1,130.0,1000.0,0,30,30,30,0,New England Biolabs,M0273,cDNA,μg,True,False,False,bp,False
7/17/2019 11:16,BRANT Tyler,tybr1378@colorado.edu,M. musculus,GGTGAAGAGCTAAGGGGCTG,GCTAGTTATTGCTCAGCGG,0.4,0.4,Taq DNA Polymerase,Goodrich Blue PCR,3,95,1,0,95,0,55,0,72,35,7,68,1,210.0,1000.0,0,30,30,30,0,New England Biolabs,M0273,cDNA,μg,False,False,True,bp,False
7/17/2019 11:17,BRANT Tyler,tybr1378@colorado.edu,M. musculus,CGGAGAAGAAGGCGGTGG,GCTAGTTATTGCTCAGCGG,0.4,0.4,Taq DNA Polymerase,Goodrich Blue PCR,3,95,1,0,95,0,55,0,72,35,7,68,1,235.0,1000.0,0,30,30,30,0,New England Biolabs,M0273,cDNA,μg,True,False,False,bp,False
7/17/2019 11:19,BRANT Tyler,tybr1378@colorado.edu,M. musculus,GCGGCGGATGTTTTCCACAG,GCTAGTTATTGCTCAGCGG,0.4,0.4,Taq DNA Polymerase,Goodrich Blue PCR,3,95,1,0,95,0,55,0,72,35,7,68,1,170.0,1000.0,0,30,30,30,0,New England Biolabs,M0273,cDNA,μg,True,False,False,bp,False
7/17/2019 11:22,BRANT Tyler,tybr1378@colorado.edu,M. musculus,GAGAGATTATACAAGTCAGCCCAG,GCTGTCGATGTCCAGAGG,0.4,0.4,Taq DNA Polymerase,Goodrich Blue PCR,3,95,1,0,95,0,55,0,72,35,7,72,1,150.0,1000.0,0,30,30,30,0,New England Biolabs,M0273,cDNA,μg,False,True,False,bp,False
7/17/2019 11:22,BRANT Tyler,tybr1378@colorado.edu,M. musculus,GAGAGATTATACAAGTCAGCCCAG,GCTGTCGATGTCCAGAGG,0.4,0.4,Taq DNA Polymerase,Goodrich Blue PCR,3,95,1,0,95,0,55,0,72,35,7,72,1,150.0,1000.0,0,30,30,30,0,New England Biolabs,M0273,cDNA,μg,False,True,False,bp,False
7/17/2019 11:24,BRANT Tyler,tybr1378@colorado.edu,M. musculus,CACCGGCAGGCGTTAAACC,CGCCGATTGGGGATTGGCT,0.4,0.4,Taq DNA Polymerase,Goodrich Blue PCR,3,95,1,0,95,0,55,0,72,35,7,72,1,142.0,1000.0,0,30,30,30,0,New England Biolabs,M0273,cDNA,μg,False,True,False,bp,False
7/17/2019 11:24,BRANT Tyler,tybr1378@colorado.edu,M. musculus,CACCGGCAGGCGTTAAACC,CGCCGATTGGGGATTGGCT,0.4,0.4,Taq DNA Polymerase,Goodrich Blue PCR,3,95,1,0,95,0,55,0,72,35,7,72,1,142.0,1000.0,0,30,30,30,0,New England Biolabs,M0273,cDNA,μg,False,True,False,bp,False
7/17/2019 11:26,BRANT Tyler,tybr1378@colorado.edu,M. musculus,GGGCTGAAGGTTGAAATCG,AGTTTAGCTGCCTGTGGATG,0.4,0.4,Taq DNA Polymerase,Goodrich Blue PCR,3,95,1,0,95,0,55,0,72,35,7,72,1,174.0,1000.0,0,30,30,30,0,New England Biolabs,M0273,cDNA,μg,False,True,False,bp,False
7/17/2019 11:26,BRANT Tyler,tybr1378@colorado.edu,M. musculus,GGGCTGAAGGTTGAAATCG,AGTTTAGCTGCCTGTGGATG,0.4,0.4,Taq DNA Polymerase,Goodrich Blue PCR,3,95,1,0,95,0,55,0,72,35,7,72,1,174.0,1000.0,0,30,30,30,0,New England Biolabs,M0273,cDNA,μg,False,True,False,bp,False
7/17/2019 11:28,BRANT Tyler,tybr1378@colorado.edu,M. musculus,ATTGGCAGAGTGACCACCTGG,TCGGATGACGCGCTAGGC,0.4,0.4,Taq DNA Polymerase,Goodrich Blue PCR,3,95,1,0,95,0,55,0,72,35,7,72,1,160.0,1000.0,0,30,30,30,0,New England Biolabs,M0273,cDNA,μg,False,True,False,bp,False
7/17/2019 11:28,BRANT Tyler,tybr1378@colorado.edu,M. musculus,ATTGGCAGAGTGACCACCTGG,TCGGATGACGCGCTAGGC,0.4,0.4,Taq DNA Polymerase,Goodrich Blue PCR,3,95,1,0,95,0,55,0,72,35,7,72,1,160.0,1000.0,0,30,30,30,0,New England Biolabs,M0273,cDNA,μg,False,True,False,bp,False
7/17/2019 11:29,BRANT Tyler,tybr1378@colorado.edu,M. musculus,CCTTCGCGGTGGCTGTAA,AGAGCCCGCTGTCGCTCC,0.4,0.4,Taq DNA Polymerase,Goodrich Blue PCR,3,95,1,0,95,0,55,0,72,35,7,72,1,180.0,1000.0,0,30,30,30,0,New England Biolabs,M0273,cDNA,μg,False,True,False,bp,False
7/17/2019 11:29,BRANT Tyler,tybr1378@colorado.edu,M. musculus,CCTTCGCGGTGGCTGTAA,AGAGCCCGCTGTCGCTCC,0.4,0.4,Taq DNA Polymerase,Goodrich Blue PCR,3,95,1,0,95,0,55,0,72,35,7,72,1,180.0,1000.0,0,30,30,30,0,New England Biolabs,M0273,cDNA,μg,False,True,False,bp,False
7/17/2019 11:22,BRANT Tyler,tybr1378@colorado.edu,M. musculus,GAGAGATTATACAAGTCAGCCCAG,GCTGTCGATGTCCAGAGG,0.4,0.4,Taq DNA Polymerase,Goodrich Blue PCR,3,95,1,0,95,0,55,0,72,35,7,72,1,150.0,1000.0,0,30,30,30,0,New England Biolabs,M0273,cDNA,μg,False,True,False,bp,False
7/17/2019 11:22,BRANT Tyler,tybr1378@colorado.edu,M. musculus,GAGAGATTATACAAGTCAGCCCAG,GCTGTCGATGTCCAGAGG,0.4,0.4,Taq DNA Polymerase,Goodrich Blue PCR,3,95,1,0,95,0,55,0,72,35,7,72,1,150.0,1000.0,0,30,30,30,0,New England Biolabs,M0273,cDNA,μg,False,True,False,bp,False
7/17/2019 11:24,BRANT Tyler,tybr1378@colorado.edu,M. musculus,CACCGGCAGGCGTTAAACC,CGCCGATTGGGGATTGGCT,0.4,0.4,Taq DNA Polymerase,Goodrich Blue PCR,3,95,1,0,95,0,55,0,72,35,7,72,1,142.0,1000.0,0,30,30,30,0,New England Biolabs,M0273,cDNA,μg,False,True,False,bp,False
7/17/2019 11:24,BRANT Tyler,tybr1378@colorado.edu,M. musculus,CACCGGCAGGCGTTAAACC,CGCCGATTGGGGATTGGCT,0.4,0.4,Taq DNA Polymerase,Goodrich Blue PCR,3,95,1,0,95,0,55,0,72,35,7,72,1,142.0,1000.0,0,30,30,30,0,New England Biolabs,M0273,cDNA,μg,False,True,False,bp,False
7/17/2019 11:26,BRANT Tyler,tybr1378@colorado.edu,M. musculus,GGGCTGAAGGTTGAAATCG,AGTTTAGCTGCCTGTGGATG,0.4,0.4,Taq DNA Polymerase,Goodrich Blue PCR,3,95,1,0,95,0,55,0,72,35,7,72,1,174.0,1000.0,0,30,30,30,0,New England Biolabs,M0273,cDNA,μg,False,True,False,bp,False
7/17/2019 11:26,BRANT Tyler,tybr1378@colorado.edu,M. musculus,GGGCTGAAGGTTGAAATCG,AGTTTAGCTGCCTGTGGATG,0.4,0.4,Taq DNA Polymerase,Goodrich Blue PCR,3,95,1,0,95,0,55,0,72,35,7,72,1,174.0,1000.0,0,30,30,30,0,New England Biolabs,M0273,cDNA,μg,False,True,False,bp,False
7/17/2019 11:28,BRANT Tyler,tybr1378@colorado.edu,M. musculus,ATTGGCAGAGTGACCACCTGG,TCGGATGACGCGCTAGGC,0.4,0.4,Taq DNA Polymerase,Goodrich Blue PCR,3,95,1,0,95,0,55,0,72,35,7,72,1,160.0,1000.0,0,30,30,30,0,New England Biolabs,M0273,cDNA,μg,False,True,False,bp,False
7/17/2019 11:28,BRANT Tyler,tybr1378@colorado.edu,M. musculus,ATTGGCAGAGTGACCACCTGG,TCGGATGACGCGCTAGGC,0.4,0.4,Taq DNA Polymerase,Goodrich Blue PCR,3,95,1,0,95,0,55,0,72,35,7,72,1,160.0,1000.0,0,30,30,30,0,New England Biolabs,M0273,cDNA,μg,False,True,False,bp,False
7/17/2019 11:29,BRANT Tyler,tybr1378@colorado.edu,M. musculus,CCTTCGCGGTGGCTGTAA,AGAGCCCGCTGTCGCTCC,0.4,0.4,Taq DNA Polymerase,Goodrich Blue PCR,3,95,1,0,95,0,55,0,72,35,7,72,1,180.0,1000.0,0,30,30,30,0,New England Biolabs,M0273,cDNA,μg,False,True,False,bp,False
7/17/2019 11:29,BRANT Tyler,tybr1378@colorado.edu,M. musculus,CCTTCGCGGTGGCTGTAA,AGAGCCCGCTGTCGCTCC,0.4,0.4,Taq DNA Polymerase,Goodrich Blue PCR,3,95,1,0,95,0,55,0,72,35,7,72,1,180.0,1000.0,0,30,30,30,0,New England Biolabs,M0273,cDNA,μg,False,True,False,bp,False
7/17/2019 11:39,BRANT Tyler,tybr1378@colorado.edu,M. musculus,GCTGTCGATGTCCAGAGG,GCTAGTTATTGCTCAGCGG,0.4,0.4,Taq DNA Polymerase,Goodrich Blue PCR,3,95,1,0,95,0,55,0,72,35,7,72,1,170.0,1000.0,0,30,30,30,0,New England Biolabs,M0273,cDNA,μg,True,True,False,bp,False
7/17/2019 11:40,BRANT Tyler,tybr1378@colorado.edu,M. musculus,TCGGATGACGCGCTAGGC,GCTAGTTATTGCTCAGCGG,0.4,0.4,Taq DNA Polymerase,Goodrich Blue PCR,3,95,1,0,95,0,55,0,72,35,7,72,1,180.0,1000.0,0,30,30,30,0,New England Biolabs,M0273,cDNA,μg,True,True,False,bp,False
7/17/2019 11:41,BRANT Tyler,tybr1378@colorado.edu,M. musculus,CGCCGATTGGGGATTGGCT,GCTAGTTATTGCTCAGCGG,0.4,0.4,Taq DNA Polymerase,Goodrich Blue PCR,3,95,1,0,95,0,55,0,72,35,7,72,1,162.0,1000.0,0,30,30,30,0,New England Biolabs,M0273,cDNA,μg,True,True,False,bp,False
7/17/2019 11:42,BRANT Tyler,tybr1378@colorado.edu,M. musculus,AGTTTAGCTGCCTGTGGATG,GCTAGTTATTGCTCAGCGG,0.4,0.4,Taq DNA Polymerase,Goodrich Blue PCR,3,95,1,0,95,0,55,0,72,35,7,72,1,194.0,1000.0,0,30,30,30,0,New England Biolabs,M0273,cDNA,μg,True,True,False,bp,False
7/17/2019 11:43,BRANT Tyler,tybr1378@colorado.edu,M. musculus,AGAGCCCGCTGTCGCTCC,GCTAGTTATTGCTCAGCGG,0.4,0.4,Taq DNA Polymerase,Goodrich Blue PCR,3,95,1,0,95,0,55,0,72,35,7,72,1,200.0,1000.0,0,30,30,30,0,New England Biolabs,M0273,cDNA,μg,True,True,False,bp,False
7/17/2019 11:52,BRANT Tyler,tybr1378@colorado.edu,M. musculus,AGGGGACACCTTCATGCCTC,GCTAGTTATTGCTCAGCGG,0.4,0.4,Taq DNA Polymerase,Goodrich Blue PCR,3,95,1,0,95,0,55,0,72,35,7,72,1,375.0,1000.0,0,30,30,30,0,New England Biolabs,M0273,cDNA,μg,False,False,True,bp,False
7/17/2019 11:53,BRANT Tyler,tybr1378@colorado.edu,M. musculus,GGTGAGATGGCTCAGTGGGTAAGAG,GCTAGTTATTGCTCAGCGG,0.4,0.4,Taq DNA Polymerase,Goodrich Blue PCR,3,95,1,0,95,0,55,0,72,35,7,72,1,671.0,1000.0,0,30,30,30,0,New England Biolabs,M0273,cDNA,μg,False,False,True,bp,False
7/17/2019 11:55,BRANT Tyler,tybr1378@colorado.edu,M. musculus,AGACACAGACCACTGAGCTGTAGC,GCTAGTTATTGCTCAGCGG,0.4,0.4,Taq DNA Polymerase,Goodrich Blue PCR,3,95,1,0,95,0,55,0,72,35,7,72,1,300.0,1000.0,0,30,30,30,0,New England Biolabs,M0273,cDNA,μg,False,True,False,bp,False
7/17/2019 11:56,BRANT Tyler,tybr1378@colorado.edu,M. musculus,AGGGACAGATAAAGTGGCTACCTGTG,GCTAGTTATTGCTCAGCGG,0.4,0.4,Taq DNA Polymerase,Goodrich Blue PCR,3,95,1,0,95,0,55,0,72,35,7,72,1,991.0,1000.0,0,30,30,30,0,New England Biolabs,M0273,cDNA,μg,False,False,True,bp,False
7/17/2019 11:58,BRANT Tyler,tybr1378@colorado.edu,M. musculus,GCGTTCACACCCAGGTTTAAGGAG,GCTAGTTATTGCTCAGCGG,0.4,0.4,Taq DNA Polymerase,Goodrich Blue PCR,3,95,1,0,95,0,55,0,72,35,7,72,1,200.0,1000.0,0,30,30,30,0,New England Biolabs,M0273,cDNA,μg,True,True,False,bp,False
7/17/2019 11:59,BRANT Tyler,tybr1378@colorado.edu,M. musculus,AGCCTCTTGGTGCGATTGC,GCTAGTTATTGCTCAGCGG,0.4,0.4,Taq DNA Polymerase,Goodrich Blue PCR,3,95,1,0,95,0,55,0,72,35,7,72,1,161.0,1000.0,0,30,30,30,0,New England Biolabs,M0273,cDNA,μg,False,True,False,bp,False
7/17/2019 12:00,BRANT Tyler,tybr1378@colorado.edu,M. musculus,TCTTCAGGATGGAGCCCTGGATC,GCTAGTTATTGCTCAGCGG,0.4,0.4,Taq DNA Polymerase,Goodrich Blue PCR,3,95,1,0,95,0,55,0,72,35,7,72,1,184.0,1000.0,0,30,30,30,0,New England Biolabs,M0273,cDNA,μg,True,True,False,bp,False
7/17/2019 12:02,BRANT Tyler,tybr1378@colorado.edu,M. musculus,CTGTGCCAGTGCGATTGG,GCTAGTTATTGCTCAGCGG,0.4,0.4,Taq DNA Polymerase,Goodrich Blue PCR,3,95,1,0,95,0,55,0,72,35,7,72,1,400.0,1000.0,0,30,30,30,0,New England Biolabs,M0273,cDNA,μg,True,True,False,bp,False
7/10/2019 10:37,Tara Jourabchi,tajo3285@colorado.edu,h. sapiens,TGGCACAAGTGTCATTGTAGGGG,TCAGCCACAAGTTTGGGGACAG,10.0,10.0,Taq DNA Polymerase,Goodrich Blue PCR Machine,3,95,1,0,95,0,56,0,72,35,2,68,1,195.0,2255.6,0,30,30,30,0,NEB,M0273L,cDNA,μg,False,False,True,bp,False
7/10/2019 10:37,Tara Jourabchi,tajo3285@colorado.edu,h. sapiens,TGGCACAAGTGTCATTGTAGGGG,TCAGCCACAAGTTTGGGGACAG,10.0,10.0,Taq DNA Polymerase,Goodrich Blue PCR Machine,3,95,1,0,95,0,56,0,72,35,2,68,1,195.0,2255.6,0,30,30,30,0,NEB,M0273L,cDNA,μg,True,False,False,bp,False
7/10/2019 10:38,Tara Jourabchi,tajo3285@colorado.edu,h. sapiens,TGGCACAAGTGTCATTGTAGGGG,TCAGCCACAAGTTTGGGGACAG,10.0,10.0,Taq DNA Polymerase,Goodrich Blue PCR Machine,3,95,1,0,95,0,56,0,72,35,2,68,1,195.0,2255.6,0,30,30,30,0,NEB,M0273L,cDNA,μg,True,False,False,bp,False
7/10/2019 10:38,Tara Jourabchi,tajo3285@colorado.edu,h. sapiens,TGGCACAAGTGTCATTGTAGGGG,TCAGCCACAAGTTTGGGGACAG,10.0,10.0,Taq DNA Polymerase,Goodrich Blue PCR Machine,3,95,1,0,95,0,56,0,72,35,2,68,1,195.0,2255.6,0,30,30,30,0,NEB,M0273L,cDNA,μg,True,False,False,bp,False
7/24/2019 12:48,Nick,nila7826@colorado.edu,h. sapiens,ATGGACTCCAAAGAATCATTAACTCCTGGTAGAG,CTTTTGATGAAACAGAAGTTTTTTGATATTTCCATTTGAATATTTTGGTATC,0.2,0.2,Wuttke Pfu,Wuttke,5,95,1,0,95,0,50,6,72,18,1,95,1,2300.0,100.0,0,30,30,0,0,Made in-house,N/a,Plasmid,μg,False,False,False,bp,False
7/24/2019 12:57,Nick,nila7826@colorado.edu,Unsure,GCAGAAATCGGTACTGGCTTTCCATTCGAC,GCCGGAAATCTCGAGCGTCGAC,0.2,0.2,Wuttke Pfu,Wuttke,5,95,1,0,95,0,50,6,72,18,1,95,1,900.0,36.0,0,30,30,0,0,Made in-house,N/a,Plasmid,μg,False,False,False,bp,False
7/24/2019 14:41,Nick,nila7826@colorado.edu,Unsure,TGATGACGCGGCCGCGAAGGATC,CGCTAGCTCTAGAATCTTCTATGGAGGTCAAAACAG,0.2,0.2,Wuttke Pfu,Wuttke,5,95,1,0,95,0,50,14,72,18,1,95,1,6600.0,275.0,0,30,30,0,0,Made in-house,N/a,Plasmid,μg,True,False,False,bp,False
7/24/2019 14:48,Nick,nila7826@colorado.edu,Unsure,TGATGACGCGGCCGCGAAGGATC,CGCTAGCTCTAGAATCTTCTATGGAGGTCAAAACAG,0.2,0.2,Wuttke Pfu,Wuttke,5,95,1,0,95,0,50,16,72,18,1,95,1,6600.0,400.0,0,30,30,0,0,Made in-house,N/a,Plasmid,μg,False,False,False,bp,False
7/24/2019 14:50,Nick,nila7826@colorado.edu,Unsure,TGATGACGCGGCCGCGAAGGATC,CGCTAGCTCTAGAATCTTCTATGGAGGTCAAAACAG,0.2,0.2,Wuttke Pfu,Wuttke,5,95,1,0,95,0,62,16,72,18,1,95,1,6600.0,400.0,0,30,30,0,0,Made in-house,N/a,Plasmid,μg,True,False,False,bp,False
9/11/2019 14:41,Stephen Archuleta,star9083@colorado.edu,h. sapiens,GAATACACATATGATGGCAGACCCAGATGTCCTCACT,GCCGCTGCTGCCGCCGCTGCTGCCCTCAAAGAGGTCCTCAAACATGCG,0.25,0.25,Vent DNA Polymerase,Blue PCR,5,95,1,0,95,0,63,2,72,30,5,72,7,1354.0,40.0,0,30,30,0,0,NEB,M0254S,Plasmid,μg,False,True,False,bp,False
9/11/2019 14:42,Stephen Archuleta,star9083@colorado.edu,h. sapiens,GAATACACATATGATGGCAGACCCAGATGTCCTCACT,GTATTCGGATCCCTAGTGGTGGTGGTGGTGGTGCTCAAAGAGGTCCTCAAACA,0.25,0.25,Vent DNA Polymerase,Blue PCR,5,95,1,0,95,0,63,2,72,30,5,72,7,1363.0,40.0,0,30,30,0,0,NEB,M0254S,Plasmid,μg,False,True,False,bp,False
9/11/2019 14:44,Stephen Archuleta,star9083@colorado.edu,h. sapiens,GAATACACATATGATGGATCCAAGCCTGTTGAGAGAA,GCCGCTGCTGCCGCCGCTGCTGCCTTTGCTGGAAGTAATGTCAGAGTA,0.25,0.25,Vent DNA Polymerase,Blue PCR,5,95,1,0,95,0,63,2,72,30,5,72,7,912.0,40.0,0,30,30,0,0,NEB,M0254S,Plasmid,μg,False,True,False,bp,False
9/11/2019 14:45,Stephen Archuleta,star9083@colorado.edu,h. sapiens,GAATACACATATGATGGATCCAAGCCTGTTGAGAGAA,GTATTCGGATCCCTAGTGGTGGTGGTGGTGGTGTTTGCTGGAAGTAATGTCAG,0.25,0.25,Vent DNA Polymerase,Blue PCR,5,95,1,0,95,0,63,2,72,30,5,72,7,920.0,40.0,0,30,30,0,0,NEB,M0254S,Plasmid,μg,False,True,False,bp,False
9/11/2019 14:45,Stephen Archuleta,star9083@colorado.edu,h. sapiens,GGCAGCAGCGGCGGCAGCAGCGGCATGGACAAAGACTGCGAAATGAAG,GTATTCGGATCCCTAGTGGTGGTGGTGGTGGTGACCCAGCCCAGGCTTGCCCAG,0.25,0.25,Vent DNA Polymerase,Blue PCR,5,95,1,0,95,0,63,2,72,30,5,72,7,603.0,40.0,0,30,30,0,0,NEB,M0254S,Plasmid,μg,False,True,False,bp,False
7/17/2019 14:09,Megan Palacio,megan.palacio@nmu.edu,h. sapiens,gctgtacaagtactcagatctcgagatGGCGGAGTCTTCTGATAAG,ccgtcgactgcagaattcgaagctTACCACAGGGAGGTCTTAAAATTG,0.5,0.5,Phusion DNA polymerase,PCR 2,2,98,1,0,98,0,65,2,72,34,10,72,1,2725.0,50.0,0,30,30,0,0,NEB,M0531S,Plasmid,μg,False,True,False,bp,False
7/17/2019 14:10,Megan Palacio,megan.palacio@nmu.edu,h. sapiens,caaggactcgctcatgatggccatcatggtgcagtcgcc,atccctttaccaaaccggtagcc,0.5,0.5,Phusion DNA polymerase,PCR 2,2,98,1,0,98,0,65,2,72,34,10,72,1,2300.0,50.0,0,30,30,0,0,NEB,M0531S,Plasmid,μg,False,True,False,bp,False
9/4/2019 14:47,Megan Palacio,megan.palacio@nmu.edu,h. sapiens,gctgtacaagtactcagatctcgagatGGCGGAGTCTTCTGATAAG,ccgtcgactgcagaattcgaagctTACCACAGGGAGGTCTTAAAATTG,0.5,0.5,PFU Ultra HF polymerase,PCR 1,2,95,1,0,95,0,69,5,72,34,10,72,1,2725.0,50.0,0,30,30,30,0,agilent,600380,Plasmid,μg,True,True,False,bp,False
9/11/2019 15:43,Megan Palacio,megan.palacio@nmu.edu,h. sapiens,gctgtacaagtactcagatctcgagatGGCGGAGTCTTCTGATAAG,ccgtcgactgcagaattcgaagctTACCACAGGGAGGTCTTAAAATTG,0.125,0.125,QuikChange Lightning Enzyme,PCR 2,2,95,1,0,95,0,60,5,68,18,5,68,1,5620.0,10.0,0,20,10,30,0,agilent,210518-5,Plasmid,μg,False,True,False,bp,False
9/11/2019 15:43,Megan Palacio,megan.palacio@nmu.edu,h. sapiens,gctgtacaagtactcagatctcgagatGGCGGAGTCTTCTGATAAG,ccgtcgactgcagaattcgaagctTACCACAGGGAGGTCTTAAAATTG,0.125,0.125,QuikChange Lightning Enzyme,PCR 2,2,95,1,0,95,0,60,5,68,18,5,68,1,5620.0,25.0,0,20,10,30,0,agilent,210518-5,Plasmid,μg,False,True,False,bp,False
9/11/2019 15:43,Megan Palacio,megan.palacio@nmu.edu,h. sapiens,gctgtacaagtactcagatctcgagatGGCGGAGTCTTCTGATAAG,ccgtcgactgcagaattcgaagctTACCACAGGGAGGTCTTAAAATTG,0.125,0.125,QuikChange Lightning Enzyme,PCR 2,2,95,1,0,95,0,60,5,68,18,5,68,1,5620.0,50.0,0,20,10,30,0,agilent,210518-5,Plasmid,μg,False,True,False,bp,False
9/11/2019 15:43,Megan Palacio,megan.palacio@nmu.edu,h. sapiens,gctgtacaagtactcagatctcgagatGGCGGAGTCTTCTGATAAG,ccgtcgactgcagaattcgaagctTACCACAGGGAGGTCTTAAAATTG,0.125,0.125,QuikChange Lightning Enzyme,PCR 2,2,95,1,0,95,0,60,5,68,18,5,68,1,5620.0,100.0,0,20,10,30,0,agilent,210518-5,Plasmid,μg,False,True,False,bp,False
7/14/2019 11:44,N. Doherty,naiara.garcia@colorado.edu,h. sapiens,CCTCTACTAACCTGCTGTGAG ,ATCACAGGACTGGACCGTCT ,10.0,10.0,Taq DNA Polymerase,Goodrich Blue,3,95,1,0,95,0,55,0,72,35,7,72,1,118.0,837.7,0,30,30,30,0,NEB,M0273L,cDNA,μg,False,True,False,bp,False
7/14/2019 11:44,N. Doherty,naiara.garcia@colorado.edu,h. sapiens,CCTCTACTAACCTGCTGTGAG ,ATCACAGGACTGGACCGTCT ,10.0,10.0,Taq DNA Polymerase,Goodrich Blue,3,95,1,0,95,0,55,0,72,35,7,72,1,118.0,937.95,0,30,30,30,0,NEB,M0273L,cDNA,μg,False,True,False,bp,False
7/14/2019 11:44,N. Doherty,naiara.garcia@colorado.edu,h. sapiens,CCTCTACTAACCTGCTGTGAG ,ATCACAGGACTGGACCGTCT ,10.0,10.0,Taq DNA Polymerase,Goodrich Blue,3,95,1,0,95,0,55,0,72,35,7,72,1,118.0,887.25,0,30,30,30,0,NEB,M0273L,cDNA,μg,False,True,False,bp,False
7/14/2019 11:44,N. Doherty,naiara.garcia@colorado.edu,h. sapiens,AATTGACAAGATGGGCCGG,CTCGAACTCCAGACCTTGTGAT,10.0,10.0,Taq DNA Polymerase,Goodrich Blue,3,95,1,0,95,0,55,0,72,35,7,72,1,94.0,837.7,0,30,30,30,0,NEB,M0273L,cDNA,μg,False,True,False,bp,False
7/14/2019 11:44,N. Doherty,naiara.garcia@colorado.edu,h. sapiens,AATTGACAAGATGGGCCGG,CTCGAACTCCAGACCTTGTGAT,10.0,10.0,Taq DNA Polymerase,Goodrich Blue,3,95,1,0,95,0,55,0,72,35,7,72,1,94.0,937.95,0,30,30,30,0,NEB,M0273L,cDNA,μg,False,True,False,bp,False
7/14/2019 11:44,N. Doherty,naiara.garcia@colorado.edu,h. sapiens,AATTGACAAGATGGGCCGG,CTCGAACTCCAGACCTTGTGAT,10.0,10.0,Taq DNA Polymerase,Goodrich Blue,3,95,1,0,95,0,55,0,72,35,7,72,1,94.0,887.25,0,30,30,30,0,NEB,M0273L,cDNA,μg,False,True,False,bp,False
7/14/2019 11:44,N. Doherty,naiara.garcia@colorado.edu,h. sapiens,GCCAAGTTAGCGTTGTTCACTG ,CATTGCCACTGCCCAGCT,10.0,10.0,Taq DNA Polymerase,Goodrich Blue,3,95,1,0,95,0,55,0,72,35,7,72,1,118.0,837.7,0,30,30,30,0,NEB,M0273L,cDNA,μg,False,True,False,bp,False
7/14/2019 11:44,N. Doherty,naiara.garcia@colorado.edu,h. sapiens,GCCAAGTTAGCGTTGTTCACTG ,CATTGCCACTGCCCAGCT,10.0,10.0,Taq DNA Polymerase,Goodrich Blue,3,95,1,0,95,0,55,0,72,35,7,72,1,118.0,937.95,0,30,30,30,0,NEB,M0273L,cDNA,μg,False,True,False,bp,False
7/14/2019 11:44,N. Doherty,naiara.garcia@colorado.edu,h. sapiens,GCCAAGTTAGCGTTGTTCACTG ,CATTGCCACTGCCCAGCT,10.0,10.0,Taq DNA Polymerase,Goodrich Blue,3,95,1,0,95,0,55,0,72,35,7,72,1,118.0,887.25,0,30,30,30,0,NEB,M0273L,cDNA,μg,False,True,False,bp,False
7/14/2019 11:44,N. Doherty,naiara.garcia@colorado.edu,h. sapiens,ACTGATCCTTGAGCTTTATGTATCAG  ,GCCTCCCTCAAGTGGTTAG,10.0,10.0,Taq DNA Polymerase,Goodrich Blue,3,95,1,0,95,0,55,0,72,35,7,72,1,92.0,837.7,0,30,30,30,0,NEB,M0273L,cDNA,μg,False,True,False,bp,False
7/14/2019 11:44,N. Doherty,naiara.garcia@colorado.edu,h. sapiens,ACTGATCCTTGAGCTTTATGTATCAG  ,GCCTCCCTCAAGTGGTTAG,10.0,10.0,Taq DNA Polymerase,Goodrich Blue,3,95,1,0,95,0,55,0,72,35,7,72,1,92.0,937.95,0,30,30,30,0,NEB,M0273L,cDNA,μg,False,True,False,bp,False
7/14/2019 11:44,N. Doherty,naiara.garcia@colorado.edu,h. sapiens,ACTGATCCTTGAGCTTTATGTATCAG  ,GCCTCCCTCAAGTGGTTAG,10.0,10.0,Taq DNA Polymerase,Goodrich Blue,3,95,1,0,95,0,55,0,72,35,7,72,1,92.0,887.25,0,30,30,30,0,NEB,M0273L,cDNA,μg,False,True,False,bp,False
8/28/2019 12:13,N. Doherty,naiara.garcia@colorado.edu,m. musculus,GTTCCGAAAGTTGCCTTTTAT,AAGGAGCTGCAAAGAAGCTGT,10.0,10.0,Taq DNA Polymerase,Goodrich Blue,3,95,1,0,95,0,55,0,72,35,7,72,1,123.0,19.7,0,30,30,30,0,NEB,M0273L,cDNA,μg,True,False,False,bp,False
8/28/2019 12:13,N. Doherty,naiara.garcia@colorado.edu,m. musculus,GTTCCGAAAGTTGCCTTTTAT,AAGGAGCTGCAAAGAAGCTGT,10.0,10.0,Taq DNA Polymerase,Goodrich Blue,3,95,1,0,95,0,55,0,72,35,7,72,1,123.0,4.59,0,30,30,30,0,NEB,M0273L,cDNA,μg,True,False,False,bp,False
8/28/2019 12:13,N. Doherty,naiara.garcia@colorado.edu,m. musculus,GTTCCGAAAGTTGCCTTTTAT,AAGGAGCTGCAAAGAAGCTGT,10.0,10.0,Taq DNA Polymerase,Goodrich Blue,3,95,1,0,95,0,55,0,72,35,7,72,1,123.0,4.8,0,30,30,30,0,NEB,M0273L,cDNA,μg,False,False,True,bp,False
8/28/2019 12:13,N. Doherty,naiara.garcia@colorado.edu,m. musculus,TCTTCAGGATGGAGCCCTGGATC,GCTAGTTATTGCTCAGCGG,10.0,10.0,Taq DNA Polymerase,Goodrich Blue,3,95,1,0,95,0,55,0,72,35,7,72,1,184.0,4.8,0,30,30,30,0,NEB,M0273L,cDNA,μg,False,False,True,bp,False
8/28/2019 12:13,N. Doherty,naiara.garcia@colorado.edu,m. musculus,TCTTCAGGATGGAGCCCTGGATC,GCTAGTTATTGCTCAGCGG,10.0,10.0,Taq DNA Polymerase,Goodrich Blue,3,95,1,0,95,0,55,0,72,35,7,72,1,184.0,4.59,0,30,30,30,0,NEB,M0273L,cDNA,μg,False,False,True,bp,False
8/28/2019 12:13,N. Doherty,naiara.garcia@colorado.edu,m. musculus,TCTTCAGGATGGAGCCCTGGATC,GCTAGTTATTGCTCAGCGG,10.0,10.0,Taq DNA Polymerase,Goodrich Blue,3,95,1,0,95,0,55,0,72,35,7,72,1,184.0,19.7,0,30,30,30,0,NEB,M0273L,cDNA,μg,False,False,True,bp,False
9/18/2019 12:29,N. Doherty,naiara.garcia@colorado.edu,m. musculus,GTAACCCGTTGAACCCCATTCGTG,ACCATCCAATCGGTAGTAGCGACG,10.0,10.0,Taq DNA Polymerase,Goodrich Blue,3,95,1,0,95,0,55,0,72,35,7,72,1,152.0,3.06,0,30,30,30,0,NEB,M0273L,cDNA,μg,False,True,False,bp,False
9/18/2019 12:29,N. Doherty,naiara.garcia@colorado.edu,m. musculus,GTAACCCGTTGAACCCCATTCGTG,ACCATCCAATCGGTAGTAGCGACG,10.0,10.0,Taq DNA Polymerase,Goodrich Blue,3,95,1,0,95,0,55,0,72,35,7,72,1,152.0,39.4,0,30,30,30,0,NEB,M0273L,cDNA,μg,False,True,False,bp,False
9/18/2019 12:29,N. Doherty,naiara.garcia@colorado.edu,m. musculus,GTAACCCGTTGAACCCCATTCGTG,ACCATCCAATCGGTAGTAGCGACG,10.0,10.0,Taq DNA Polymerase,Goodrich Blue,3,95,1,0,95,0,55,0,72,35,7,72,1,152.0,3.2,0,30,30,30,0,NEB,M0273L,cDNA,μg,False,True,False,bp,False
9/18/2019 12:29,N. Doherty,naiara.garcia@colorado.edu,m. musculus,AGTTTAGCTGCCTGTGGATG,GCTAGTTATTGCTCAGCGG,10.0,10.0,Taq DNA Polymerase,Goodrich Blue,3,95,1,0,95,0,55,0,72,35,7,72,1,194.0,7.65,0,30,30,30,0,NEB,M0273L,cDNA,μg,False,True,False,bp,False
9/18/2019 12:29,N. Doherty,naiara.garcia@colorado.edu,m. musculus,AGTTTAGCTGCCTGTGGATG,GCTAGTTATTGCTCAGCGG,10.0,10.0,Taq DNA Polymerase,Goodrich Blue,3,95,1,0,95,0,55,0,72,35,7,72,1,194.0,98.5,0,30,30,30,0,NEB,M0273L,cDNA,μg,False,False,True,bp,False
9/18/2019 12:29,N. Doherty,naiara.garcia@colorado.edu,m. musculus,AGTTTAGCTGCCTGTGGATG,GCTAGTTATTGCTCAGCGG,10.0,10.0,Taq DNA Polymerase,Goodrich Blue,3,95,1,0,95,0,55,0,72,35,7,72,1,194.0,8.0,0,30,30,30,0,NEB,M0273L,cDNA,μg,True,False,False,bp,False
9/23/2019 12:34,N. Doherty,naiara.garcia@colorado.edu,m. musculus,CTGTGCCAGTGCGATTGGC,GCTAGTTATTGCTCAGCGG,10.0,10.0,Taq DNA Polymerase,Goodrich Blue,3,95,1,0,95,0,55,0,72,35,7,72,1,438.0,98.5,0,30,30,30,0,NEB,M0273L,cDNA,μg,False,False,True,bp,False
9/23/2019 12:34,N. Doherty,naiara.garcia@colorado.edu,m. musculus,CTGTGCCAGTGCGATTGGC,GCTAGTTATTGCTCAGCGG,10.0,10.0,Taq DNA Polymerase,Goodrich Blue,3,95,1,0,95,0,55,0,72,35,7,72,1,438.0,8.0,0,30,30,30,0,NEB,M0273L,cDNA,μg,False,True,False,bp,False
9/23/2019 12:34,N. Doherty,naiara.garcia@colorado.edu,m. musculus,CTGTGCCAGTGCGATTGGC,GCTAGTTATTGCTCAGCGG,10.0,10.0,Taq DNA Polymerase,Goodrich Blue,3,95,1,0,95,0,55,0,72,35,7,72,1,438.0,7.65,0,30,30,30,0,NEB,M0273L,cDNA,μg,False,True,False,bp,False
9/23/2019 12:34,N. Doherty,naiara.garcia@colorado.edu,m. musculus,GTAACCCGTTGAACCCCATTCGTG,ACCATCCAATCGGTAGTAGCGACG,10.0,10.0,Taq DNA Polymerase,Goodrich Blue,3,95,1,0,95,0,55,0,72,35,7,72,1,152.0,3.06,0,30,30,30,0,NEB,M0273L,cDNA,μg,False,True,False,bp,False
9/23/2019 12:34,N. Doherty,naiara.garcia@colorado.edu,m. musculus,GTAACCCGTTGAACCCCATTCGTG,ACCATCCAATCGGTAGTAGCGACG,10.0,10.0,Taq DNA Polymerase,Goodrich Blue,3,95,1,0,95,0,55,0,72,35,7,72,1,152.0,3.2,0,30,30,30,0,NEB,M0273L,cDNA,μg,False,True,False,bp,False
9/23/2019 12:34,N. Doherty,naiara.garcia@colorado.edu,m. musculus,GTAACCCGTTGAACCCCATTCGTG,ACCATCCAATCGGTAGTAGCGACG,10.0,10.0,Taq DNA Polymerase,Goodrich Blue,3,95,1,0,95,0,55,0,72,35,7,72,1,152.0,39.4,0,30,30,30,0,NEB,M0273L,cDNA,μg,False,True,False,bp,False
9/24/2019 14:09,N. Doherty,naiara.garcia@colorado.edu,m. musculus,AGACACAGACCACTGAGCTGTAGC, GCTAGTTATTGCTCAGCGG,10.0,10.0,Taq DNA Polymerase,Goodrich Blue,3,95,1,0,95,0,55,0,72,35,7,72,1,278.0,7.65,0,30,30,30,0,NEB,M0273L,cDNA,μg,True,False,False,bp,False
9/24/2019 14:09,N. Doherty,naiara.garcia@colorado.edu,m. musculus,AGACACAGACCACTGAGCTGTAGC, GCTAGTTATTGCTCAGCGG,10.0,10.0,Taq DNA Polymerase,Goodrich Blue,3,95,1,0,95,0,55,0,72,35,7,72,1,278.0,8.0,0,30,30,30,0,NEB,M0273L,cDNA,μg,False,False,True,bp,False
9/24/2019 14:09,N. Doherty,naiara.garcia@colorado.edu,m. musculus,AGACACAGACCACTGAGCTGTAGC, GCTAGTTATTGCTCAGCGG,10.0,10.0,Taq DNA Polymerase,Goodrich Blue,3,95,1,0,95,0,55,0,72,35,7,72,1,278.0,98.5,0,30,30,30,0,NEB,M0273L,cDNA,μg,False,False,True,bp,False
10/14/2019 14:12,N. Doherty,naiara.garcia@colorado.edu,m. musculus,GTAACCCGTTGAACCCCATTCGTG, ACCATCCAATCGGTAGTAGCGACG,10.0,10.0,Taq DNA Polymerase,Goodrich Blue,3,95,1,0,95,0,55,0,72,35,7,72,1,152.0,9.74,0,30,30,30,0,NEB,M0273L,cDNA,μg,False,False,True,bp,False
10/14/2019 14:12,N. Doherty,naiara.garcia@colorado.edu,m. musculus,GTAACCCGTTGAACCCCATTCGTG, ACCATCCAATCGGTAGTAGCGACG,10.0,10.0,Taq DNA Polymerase,Goodrich Blue,3,95,1,0,95,0,55,0,72,35,7,72,1,152.0,2.22,0,30,30,30,0,NEB,M0273L,cDNA,μg,False,False,True,bp,False
10/14/2019 14:12,N. Doherty,naiara.garcia@colorado.edu,m. musculus,GTAACCCGTTGAACCCCATTCGTG, ACCATCCAATCGGTAGTAGCGACG,10.0,10.0,Taq DNA Polymerase,Goodrich Blue,3,95,1,0,95,0,55,0,72,35,7,72,1,152.0,57.8,0,30,30,30,0,NEB,M0273L,cDNA,μg,False,True,False,bp,False
10/14/2019 14:12,N. Doherty,naiara.garcia@colorado.edu,m. musculus,GTAACCCGTTGAACCCCATTCGTG,ACCATCCAATCGGTAGTAGCGACG,10.0,10.0,Taq DNA Polymerase,Goodrich Blue PCR Machine,3,95,1,0,95,0,55,0,72,35,7,72,1,152.0,2.24,0,30,30,30,0,NEB,M0273L,cDNA,μg,False,False,True,bp,False
10/14/2019 14:12,N. Doherty,naiara.garcia@colorado.edu,m. musculus,GTAACCCGTTGAACCCCATTCGTG,ACCATCCAATCGGTAGTAGCGACG,10.0,10.0,Taq DNA Polymerase,Goodrich Blue PCR Machine,3,95,1,0,95,0,55,0,72,35,7,72,1,152.0,50.4,0,30,30,30,0,NEB,M0273L,cDNA,μg,False,True,False,bp,False
10/14/2019 14:12,N. Doherty,naiara.garcia@colorado.edu,m. musculus,AGTTTAGCTGCCTGTGGATG,GCTAGTTATTGCTCAGCGG,10.0,10.0,Taq DNA Polymerase,Goodrich Blue PCR Machine,3,95,1,0,95,0,55,0,72,35,7,72,1,194.0,11.2,0,30,30,30,0,NEB,M0273L,cDNA,μg,False,True,False,bp,False
10/14/2019 14:12,N. Doherty,naiara.garcia@colorado.edu,m. musculus,AGTTTAGCTGCCTGTGGATG,GCTAGTTATTGCTCAGCGG,10.0,10.0,Taq DNA Polymerase,Goodrich Blue PCR Machine,3,95,1,0,95,0,55,0,72,35,7,72,1,194.0,252.0,0,30,30,30,0,NEB,M0273L,cDNA,μg,False,True,False,bp,False
10/14/2019 14:12,N. Doherty,naiara.garcia@colorado.edu,m. musculus,AGTTTAGCTGCCTGTGGATG,GCTAGTTATTGCTCAGCGG,10.0,10.0,Taq DNA Polymerase,Goodrich Blue PCR Machine,3,95,1,0,95,0,55,0,72,35,7,72,1,194.0,48.7,0,30,30,30,0,NEB,M0273L,cDNA,μg,False,True,False,bp,False
10/14/2019 14:12,N. Doherty,naiara.garcia@colorado.edu,m. musculus,AGTTTAGCTGCCTGTGGATG,GCTAGTTATTGCTCAGCGG,10.0,10.0,Taq DNA Polymerase,Goodrich Blue PCR Machine,3,95,1,0,95,0,55,0,72,35,7,72,1,194.0,289.0,0,30,30,30,0,NEB,M0273L,cDNA,μg,False,True,False,bp,False
10/15/2019 14:52,N. Doherty,naiara.garcia@colorado.edu,m. musculus,CTATGGGGCACCGTCTGATTCCG ,GCTAGTTATTGCTCAGCGG,10.0,10.0,Taq DNA Polymerase,Goodrich Blue PCR Machine,3,95,1,0,95,0,55,0,72,35,7,72,1,298.0,6.72,0,30,30,30,0,NEB,M0273L,cDNA,μg,True,False,False,bp,False
10/15/2019 14:52,N. Doherty,naiara.garcia@colorado.edu,m. musculus,CTATGGGGCACCGTCTGATTCCG ,GCTAGTTATTGCTCAGCGG,10.0,10.0,Taq DNA Polymerase,Goodrich Blue PCR Machine,3,95,1,0,95,0,55,0,72,35,7,72,1,298.0,151.2,0,30,30,30,0,NEB,M0273L,cDNA,μg,False,True,False,bp,False
10/15/2019 14:52,N. Doherty,naiara.garcia@colorado.edu,m. musculus,CTATGGGGCACCGTCTGATTCCG ,GCTAGTTATTGCTCAGCGG,10.0,10.0,Taq DNA Polymerase,Goodrich Blue PCR Machine,3,95,1,0,95,0,55,0,72,35,7,72,1,298.0,29.22,0,30,30,30,0,NEB,M0273L,cDNA,μg,True,False,False,bp,False
10/15/2019 14:52,N. Doherty,naiara.garcia@colorado.edu,m. musculus,CTATGGGGCACCGTCTGATTCCG ,GCTAGTTATTGCTCAGCGG,10.0,10.0,Taq DNA Polymerase,Goodrich Blue PCR Machine,3,95,1,0,95,0,55,0,72,35,7,72,1,298.0,6.66,0,30,30,30,0,NEB,M0273L,cDNA,μg,True,False,False,bp,False
10/15/2019 14:52,N. Doherty,naiara.garcia@colorado.edu,m. musculus,CTATGGGGCACCGTCTGATTCCG ,GCTAGTTATTGCTCAGCGG,10.0,10.0,Taq DNA Polymerase,Goodrich Blue PCR Machine,3,95,1,0,95,0,55,0,72,35,7,72,1,298.0,173.4,0,30,30,30,0,NEB,M0273L,cDNA,μg,False,True,False,bp,False
10/15/2019 14:52,N. Doherty,naiara.garcia@colorado.edu,m. musculus,GGGTGTGGCTTTACCATAACCAATC  ,GCTAGTTATTGCTCAGCGG,10.0,10.0,Taq DNA Polymerase,Goodrich Blue PCR Machine,3,95,1,0,95,0,55,0,72,35,7,72,1,188.0,173.4,0,30,30,30,0,NEB,M0273L,cDNA,μg,False,True,False,bp,False
10/15/2019 14:52,N. Doherty,naiara.garcia@colorado.edu,m. musculus,GGGTGTGGCTTTACCATAACCAATC  ,GCTAGTTATTGCTCAGCGG,10.0,10.0,Taq DNA Polymerase,Goodrich Blue PCR Machine,3,95,1,0,95,0,55,0,72,35,7,72,1,188.0,6.66,0,30,30,30,0,NEB,M0273L,cDNA,μg,False,True,False,bp,False
10/15/2019 14:52,N. Doherty,naiara.garcia@colorado.edu,m. musculus,GGGTGTGGCTTTACCATAACCAATC  ,GCTAGTTATTGCTCAGCGG,10.0,10.0,Taq DNA Polymerase,Goodrich Blue PCR Machine,3,95,1,0,95,0,55,0,72,35,7,72,1,188.0,29.22,0,30,30,30,0,NEB,M0273L,cDNA,μg,False,True,False,bp,False
10/15/2019 14:52,N. Doherty,naiara.garcia@colorado.edu,m. musculus,GGGTGTGGCTTTACCATAACCAATC  ,GCTAGTTATTGCTCAGCGG,10.0,10.0,Taq DNA Polymerase,Goodrich Blue PCR Machine,3,95,1,0,95,0,55,0,72,35,7,72,1,188.0,6.72,0,30,30,30,0,NEB,M0273L,cDNA,μg,False,True,False,bp,False
10/15/2019 14:52,N. Doherty,naiara.garcia@colorado.edu,m. musculus,GGGTGTGGCTTTACCATAACCAATC  ,GCTAGTTATTGCTCAGCGG,10.0,10.0,Taq DNA Polymerase,Goodrich Blue PCR Machine,3,95,1,0,95,0,55,0,72,35,7,72,1,188.0,151.2,0,30,30,30,0,NEB,M0273L,cDNA,μg,False,True,False,bp,False
10/21/2019 15:40,Microsoft Office User,timmichael.decker@colorado.edu,E. coli miniprep,AGAGTGACTCCCGCGGT,AGGTTCGCTCTGGAAAGCC,0.5,0.5,Phusion High-Fidelity PCR Master Mix with HF Buffer,SimpliAmp Taatjes,0,98,1,0,98,0,65,6,72,25,10,72,1,6000.0,2.5,30,10,20,0,0,Thermo,F-530L,Plasmid,μg,False,True,False,bp,False
10/21/2019 15:40,Microsoft Office User,timmichael.decker@colorado.edu,E. coli miniprep,CTGTGCGGCTGCAGGCA,GTTCGCTCTGGAAAGCCTTGGGA,0.5,0.5,Phusion High-Fidelity PCR Master Mix with HF Buffer,SimpliAmp Taatjes,0,98,1,0,98,0,65,6,72,25,10,72,1,6000.0,2.5,30,10,20,0,0,Thermo,F-530L,Plasmid,μg,False,True,False,bp,False
10/21/2019 15:42,Microsoft Office User,timmichael.decker@colorado.edu,E. coli miniprep,GGAGTCAAGGATCCCAAT,CATAGTATATCTCCTTCTTAAAGTTAAACA,0.5,0.5,Phusion High-Fidelity PCR Master Mix with HF Buffer,SimpliAmp Taatjes,0,98,1,0,98,0,61,9,72,25,10,72,1,9000.0,2.5,30,10,20,0,0,Thermo,F-530L,Plasmid,μg,False,True,False,bp,False
9/27/2019 11:29,Tara Jourabchi,tajo3285@colorado.edu,m. musculus,CAGGGGTGGCAGGTGC,GCTAGTTATTGCTCAGCGG,10.0,10.0,Taq DNA Polymerase,Goodrich Blue PCR Machine,1,95,1,0,95,0,56,0,72,35,7,72,1,336.0,2255.6,0,30,30,30,0,NEB,M0273L,cDNA,μg,True,False,False,bp,False
9/27/2019 11:36,Tara Jourabchi,tajo3285@colorado.edu,m. musculus,CTCTGACTGTGTGTAGACCATACTCAC,GCTAGTTATTGCTCAGCGGAAATGATAGAGGACAGCGGGC,10.0,10.0,Taq DNA Polymerase,Goodrich Blue PCR Machine,1,95,1,0,95,0,55,0,72,35,7,72,1,112.0,2255.6,0,30,30,30,0,NEB,M0273L,cDNA,μg,False,True,False,bp,False
9/27/2019 11:39,Tara Jourabchi,tajo3285@colorado.edu,m. musculus,CTATGGGGCACCGTCTGATTCCG,GCTAGTTATTGCTCAGCGGGTCTGGTTTGGCGGCGG,10.0,10.0,Taq DNA Polymerase,Goodrich Blue PCR Machine,1,95,1,0,95,0,55,0,72,35,7,72,1,298.0,2255.6,0,30,30,30,0,NEB,M0273L,cDNA,μg,False,True,False,bp,False
9/27/2019 11:41,Tara Jourabchi,tajo3285@colorado.edu,m. musculus,GGGTGTGGCTTTACCATAACCAATC,GCTAGTTATTGCTCAGCGGGGAGTCATCACAGAAGTGGACATTAAG,10.0,10.0,Taq DNA Polymerase,Goodrich Blue PCR Machine,1,95,1,0,95,0,55,0,72,35,7,72,1,188.0,2255.6,0,30,30,30,0,NEB,M0273L,cDNA,μg,False,True,False,bp,False
9/27/2019 11:43,Tara Jourabchi,tajo3285@colorado.edu,m. musculus,CGGGACTTGGACTGAGGC,GCTAGTTATTGCTCAGCGGCGTGGGTGTGTTGTTGGGGG,10.0,10.0,Taq DNA Polymerase,Goodrich Blue PCR Machine,1,95,1,0,95,0,55,0,72,35,7,72,1,267.0,2255.6,0,30,30,30,0,NEB,M0273L,cDNA,μg,False,True,False,bp,False
9/27/2019 11:47,Tara Jourabchi,tajo3285@colorado.edu,m. musculus,TGCTCTCTGTTGTTGCTGCC,GCTAGTTATTGCTCAGCGGGGAAGGGAGGAAGAGGAAGAAGG,10.0,10.0,Taq DNA Polymerase,Goodrich Blue PCR Machine,1,95,1,0,95,0,55,0,72,35,7,72,1,371.0,2255.6,0,30,30,30,0,NEB,M0273L,cDNA,μg,True,False,False,bp,False
2/27/2020 9:00,Nick Lammer,nila7826@colorado.edu,h. sapiens,tgacctccatagaagattctagagctagcgATGGACTCCAAAGAATCATTAACTCCTGGT,gatcgcagatccttcgcggccgcgTCATCAGCCGGAAATCTCGAGCGTCGACAGCCAGCG,0.5,0.5,Phusion High-Fidelity PCR Master Mix with HF Buffer,Wuttke,5,95,1,0,95,0,60,2,72,20,5,72,1,3300.0,50.0,0,30,30,0,0,NEB,N/a,Plasmid,μg,False,True,False,bp,False
2/27/2020 9:07,Nick Lammer,nila7826@colorado.edu,h. sapiens,tgacctccatagaagattctagagctagcgATGGACTCCAAAGAATCATTAACTCCTGGT,CTTTGTggcTCGAGCTTCCAGGTTCATTCCAG,0.25,0.25,Phusion High-Fidelity PCR Master Mix with HF Buffer,Wuttke,5,95,1,0,95,0,58,1,72,20,5,72,1,1650.0,50.0,0,30,30,10,0,NEB,N/a,Plasmid,μg,False,True,False,bp,False
2/27/2020 9:07,Nick Lammer,nila7826@colorado.edu,h. sapiens,tgacctccatagaagattctagagctagcgATGGACTCCAAAGAATCATTAACTCCTGGT,ggcCTTTGTggcTCGAGCTTCCAGGTTCATTCCAG,0.25,0.25,Phusion High-Fidelity PCR Master Mix with HF Buffer,Wuttke,5,95,1,0,95,0,58,1,72,20,5,72,1,1650.0,50.0,0,30,30,10,0,NEB,N/a,Plasmid,μg,False,True,False,bp,False
2/27/2020 9:07,Nick Lammer,nila7826@colorado.edu,h. sapiens,tgacctccatagaagattctagagctagcgATGGACTCCAAAGAATCATTAACTCCTGGT,CAGTTTTTggcTCGAATTTTATCGATGATGCAATCATTCCTTC,0.25,0.25,Phusion High-Fidelity PCR Master Mix with HF Buffer,Wuttke,5,95,1,0,95,0,58,1,72,20,5,72,1,1650.0,50.0,0,30,30,10,0,NEB,N/a,Plasmid,μg,False,True,False,bp,False
2/27/2020 9:07,Nick Lammer,nila7826@colorado.edu,h. sapiens,tgacctccatagaagattctagagctagcgATGGACTCCAAAGAATCATTAACTCCTGGT,CATCCggcAGCTTCATCAGAGCACACCAG,0.25,0.25,Phusion High-Fidelity PCR Master Mix with HF Buffer,Wuttke,5,95,1,0,95,0,58,1,72,20,5,72,1,1650.0,50.0,0,30,30,10,0,NEB,N/a,Plasmid,μg,False,True,False,bp,False
2/27/2020 9:08,Nick Lammer,nila7826@colorado.edu,h. sapiens,GAgccACAAAGgccAAAATAAAAGGAATTCAGCAGGCCAC,gatcgcagatccttcgcggccgcgTCATCAGCCGGAAATCTCGAGCGTCGACAGCCAGCG,0.25,0.25,Phusion High-Fidelity PCR Master Mix with HF Buffer,Wuttke,5,95,1,0,95,0,58,1,72,20,5,72,1,1650.0,50.0,0,30,30,10,0,NEB,N/a,Plasmid,μg,False,True,False,bp,False
2/27/2020 9:09,Nick Lammer,nila7826@colorado.edu,h. sapiens,GCTCGAgccACAAAGAAAAAAATAAAAGGAATTCAGCAGGC,gatcgcagatccttcgcggccgcgTCATCAGCCGGAAATCTCGAGCGTCGACAGCCAGCG,0.25,0.25,Phusion High-Fidelity PCR Master Mix with HF Buffer,Wuttke,5,95,1,0,95,0,58,1,72,20,5,72,1,1650.0,50.0,0,30,30,10,0,NEB,N/a,Plasmid,μg,False,True,False,bp,False
2/27/2020 9:09,Nick Lammer,nila7826@colorado.edu,h. sapiens,GATAAAATTCGAgccAAAAACTGCCCAGCATGC,gatcgcagatccttcgcggccgcgTCATCAGCCGGAAATCTCGAGCGTCGACAGCCAGCG,0.25,0.25,Phusion High-Fidelity PCR Master Mix with HF Buffer,Wuttke,5,95,1,0,95,0,58,1,72,20,5,72,1,1650.0,50.0,0,30,30,10,0,NEB,N/a,Plasmid,μg,False,True,False,bp,False
2/27/2020 9:09,Nick Lammer,nila7826@colorado.edu,h. sapiens,GAAGCTgccGGATGTCATTATGGAGTCTTAACTTGTG,gatcgcagatccttcgcggccgcgTCATCAGCCGGAAATCTCGAGCGTCGACAGCCAGCG,0.25,0.25,Phusion High-Fidelity PCR Master Mix with HF Buffer,Wuttke,5,95,1,0,95,0,58,1,72,20,5,72,1,1650.0,50.0,0,30,30,10,0,NEB,N/a,Plasmid,μg,False,True,False,bp,False
2/27/2020 9:11,Nick Lammer,nila7826@colorado.edu,h. sapiens,GAAGCTgccAAAACAAAGAAAAAAATAAAAGGAATTCAGCAGGC,gatcgcagatccttcgcggccgcgTCATCAGCCGGAAATCTCGAGCGTCGACAGCCAGCG,0.25,0.25,Phusion High-Fidelity PCR Master Mix with HF Buffer,Wuttke,5,95,1,0,95,0,58,1,72,20,5,72,1,1650.0,80.0,0,30,30,10,0,NEB,N/a,Plasmid,μg,False,True,False,bp,False
2/27/2020 9:11,Nick Lammer,nila7826@colorado.edu,h. sapiens,tgacctccatagaagattctagagctagcgATGGACTCCAAAGAATCATTAACTCCTGGT,CTTTGTTTTggcAGCTTCCAGGTTCATTCCAGC,0.25,0.25,Phusion High-Fidelity PCR Master Mix with HF Buffer,Wuttke,5,95,1,0,95,0,58,1,72,20,5,72,1,1650.0,80.0,0,30,30,10,0,NEB,N/a,Plasmid,μg,False,True,False,bp,False
2/27/2020 10:26,Microsoft Office User,timmichael.decker@colorado.edu,E. coli miniprep,CCACCATGGAGCAGAAGCTGAT,TTATTGCGAGTACACCAATTCACTCATGAG,0.5,0.5,Phusion High-Fidelity PCR Master Mix with HF Buffer,SimpliAmp Taatjes,1,98,1,0,98,0,68,1,72,25,5,72,1,1300.0,2.5,0,10,20,20,0,Thermo,F-530L,Plasmid,μg,False,True,False,bp,False
7/6/2020 22:20,BRANT Tyler,tyler.brant@colorado.edu,m. musculus,gctagttattgctcagcgg,acgctttctaataccaaggagtctacac,0.4,0.4,Taq DNA Polymerase,Goodrich Blue PCR,2,95,1,0,95,0,56,0,72,36,7,72,1,417.0,1000.0,0,30,30,30,0,NEB,M0273,cDNA,μg,False,True,False,bp,False
7/6/2020 22:20,BRANT Tyler,tyler.brant@colorado.edu,m. musculus,gctagttattgctcagcgg,acgctttctaataccaaggagtctacac,0.4,0.4,Taq DNA Polymerase,Goodrich Blue PCR,2,95,1,0,95,0,56,0,72,36,7,72,1,417.0,1000.0,0,30,30,30,0,NEB,M0273,cDNA,μg,False,True,False,bp,False
7/6/2020 22:22,BRANT Tyler,tyler.brant@colorado.edu,m. musculus,gctagttattgctcagcgg,gcaggatgctaagtgcccagag,0.4,0.4,Taq DNA Polymerase,Goodrich Blue PCR,2,95,1,0,95,0,56,0,72,36,7,72,1,399.0,1000.0,0,30,30,30,0,NEB,M0273,cDNA,μg,False,True,False,bp,False
7/6/2020 22:22,BRANT Tyler,tyler.brant@colorado.edu,m. musculus,gctagttattgctcagcgg,gcaggatgctaagtgcccagag,0.4,0.4,Taq DNA Polymerase,Goodrich Blue PCR,2,95,1,0,95,0,56,0,72,36,7,72,1,399.0,1000.0,0,30,30,30,0,NEB,M0273,cDNA,μg,False,True,False,bp,False
6/3/2020 9:00,Tara Jourabchi,tajo3285@colorado.edu,m. musculus,TCAGGACTGGGGGCTTCG,GCTAGTTATTGCTCAGCGGTACAGATGGAAGAAGAGACCAGG,10.0,10.0,Taq DNA Polymerase,Goodrich Blue PCR Machine,1,95,1,0,95,0,55,0,72,35,7,72,1,336.0,1200.0,0,30,30,30,0,NEB,M0273L,cDNA,μg,False,False,True,bp,False
6/3/2020 9:04,Tara Jourabchi,tajo3285@colorado.edu,m. musculus,AGCGTCTCTATGCTCATCG,GCTAGTTATTGCTCAGCGGCTGACCTGTGCTTGGCTCG,10.0,10.0,Taq DNA Polymerase,Goodrich Blue PCR Machine,1,95,1,0,95,0,55,0,72,35,7,72,1,371.0,1200.0,0,30,30,30,0,NEB,M0273L,cDNA,μg,False,False,True,bp,False
6/3/2020 9:06,Tara Jourabchi,tajo3285@colorado.edu,m. musculus,GGGTGTGGCTTTACCATAACCAATC,GCTAGTTATTGCTCAGCGGGGAGTCATCACAGAAGTGGACATTAAG,10.0,10.0,Taq DNA Polymerase,Goodrich Blue PCR Machine,1,95,1,0,95,0,55,0,72,35,7,72,1,188.0,1200.0,0,30,30,30,0,NEB,M0273L,cDNA,μg,True,False,False,bp,False
6/3/2020 9:07,Tara Jourabchi,tajo3285@colorado.edu,m. musculus,CTCTGACTGTGTGTAGACCATACTCAC,GCTACTTATTGCTCAGCGGAATGATAGAGGACAGCGGGC,10.0,10.0,Taq DNA Polymerase,Goodrich Blue PCR Machine,1,95,1,0,95,0,55,0,72,35,7,72,1,112.0,1200.0,0,30,30,30,0,NEB,M0273L,cDNA,μg,False,True,False,bp,False
6/3/2020 9:11,Tara Jourabchi,tajo3285@colorado.edu,m. musculus,CTATGGGGCACCGTCTGATTCCG,GCTAGTTATTGCTCAGCGGGTCTGGTTTGGCGGCGG,10.0,10.0,Taq DNA Polymerase,Goodrich Blue PCR Machine,1,95,1,0,95,0,55,0,72,35,7,72,1,298.0,1200.0,0,30,30,30,0,NEB,M0273L,cDNA,μg,True,False,False,bp,False
6/25/2020 7:57,Tara Jourabchi,tajo3285@colorado.edu,m. musculus,TCTTCAGGATGGAGCCCTGGATC,GCTAGTTTATTGCTCAGCGGAGAGGGTTGGTAGTTGTCGCTG,10.0,10.0,Taq DNA Polymerase,Goodrich Blue PCR Machine,1,95,1,0,95,0,55,0,72,35,7,72,1,184.0,1200.0,0,30,30,30,0,NEB,M0273L,cDNA,μg,True,True,False,bp,False
6/25/2020 7:59,Tara Jourabchi,tajo3285@colorado.edu,m. musculus,GGGTGTGGCTTTACCATAACCAATC,GCTAGTTATTGCTCAGCGGGGAGTCATCACAGAAGTGGACATTAAG,10.0,10.0,Taq DNA Polymerase,Goodrich Blue PCR Machine,1,95,1,0,95,0,55,0,72,35,7,72,1,188.0,1200.0,0,30,30,30,0,NEB,M0273L,cDNA,μg,True,False,False,bp,False
6/25/2020 8:00,Tara Jourabchi,tajo3285@colorado.edu,m. musculus,GGGTGTGGCTTTACCATAACCAATC,GCTAGTTATTGCTCAGCGGGGAGTCATCACAGAAGTGGACATTAAG,10.0,10.0,Taq DNA Polymerase,Goodrich Blue PCR Machine,1,95,1,0,95,0,56,0,72,35,7,72,1,188.0,1200.0,0,30,30,30,0,NEB,M0273L,cDNA,μg,False,True,False,bp,False
6/25/2020 8:02,Tara Jourabchi,tajo3285@colorado.edu,m. musculus,AACATTTTCCTCAAAAGAAACAATTTATTT,GCTAGTTATTGCTCAGCGGGGAGTCATCACAGAAGTGGACATTAAG,10.0,10.0,Taq DNA Polymerase,Goodrich Blue PCR Machine,1,95,1,0,95,0,56,0,72,35,7,72,1,557.0,1200.0,0,30,30,30,0,NEB,M0273L,cDNA,μg,True,False,False,bp,False
6/25/2020 8:02,Tara Jourabchi,tajo3285@colorado.edu,m. musculus,ATAGCAGATACACAATGTTAAGC,GCTAGTTATTGCTCAGCGGGGAGTCATCACAGAAGTGGACATTAAG,10.0,10.0,Taq DNA Polymerase,Goodrich Blue PCR Machine,1,95,1,0,95,0,56,0,72,35,7,72,1,359.0,1200.0,0,30,30,30,0,NEB,M0273L,cDNA,μg,True,False,False,bp,False
6/25/2020 8:06,Tara Jourabchi,tajo3285@colorado.edu,m. musculus,GCAGTAGAAAGGCACCCAGAGAG,GCTAGTTATTGCTCAGCGGTTAGGAGGACCAGAGCCTGTCTCA,10.0,10.0,Taq DNA Polymerase,Goodrich Blue PCR Machine,1,95,1,0,95,0,55,0,72,35,7,72,1,227.0,1200.0,0,30,30,30,0,NEB,M0273L,cDNA,μg,True,False,False,bp,False
6/25/2020 8:07,Tara Jourabchi,tajo3285@colorado.edu,m. musculus,CGGAACAGGAATGTGGACTCGTAG,GCTAGTTATTGCTCAGCGGCCTATTTATGTTTCTACTCGGGAACAAACG,10.0,10.0,Taq DNA Polymerase,Goodrich Blue PCR Machine,1,95,1,0,95,0,55,0,72,35,7,72,1,218.0,1200.0,0,30,30,30,0,NEB,M0273L,cDNA,μg,False,False,True,bp,False
6/25/2020 8:08,Tara Jourabchi,tajo3285@colorado.edu,m. musculus,CTCTGACTGTGTGTAGACCATACTCAC,GCTAGTTATTGCTCAGCGGTTCCACTCCCTACCGAGAAGCGT,10.0,10.0,Taq DNA Polymerase,Goodrich Blue PCR Machine,1,95,1,0,95,0,55,0,72,35,7,72,1,370.0,1200.0,0,30,30,30,0,NEB,M0273L,cDNA,μg,False,True,False,bp,False
6/30/2020 11:45,Tara Jourabchi,tajo3285@colorado.edu,m. musculus,GCAGTAGAAAGGCACCCAGAGAG,GCTAGTTATTGCTCAGCGGTTAGGAGGATTAGAGTTTGTCTCA,10.0,10.0,Taq DNA Polymerase,Goodrich Blue PCR Machine,1,95,1,0,95,0,55,0,72,35,7,72,1,277.0,1000.0,0,30,30,30,0,NEB,M0273L,cDNA,μg,True,False,False,bp,False
6/30/2020 11:46,Tara Jourabchi,tajo3285@colorado.edu,m. musculus,GCAGTAGAAAGGCACCCAGAGAG,GCTAGTTATTGCTCAGCGGTTAGGAGGATTAGAGTTTGTCTCA,10.0,10.0,Taq DNA Polymerase,Goodrich Blue PCR Machine,1,95,1,0,95,0,60,0,72,35,7,72,1,277.0,1200.0,0,30,30,30,0,NEB,M0273L,cDNA,μg,False,False,True,bp,False
6/30/2020 11:47,Tara Jourabchi,tajo3285@colorado.edu,m. musculus,CGGAACAGGAATGTGGACTCGTAG,GCTAGTTATTGCTCAGCGGCCTATTTATGTTTCTACTACTCGGAACAAACG,10.0,10.0,Taq DNA Polymerase,Goodrich Blue PCR Machine,1,95,1,0,95,0,60,0,72,35,7,72,1,218.0,1200.0,0,30,30,30,0,NEB,M0273L,cDNA,μg,True,False,False,bp,False
6/30/2020 11:50,Tara Jourabchi,tajo3285@colorado.edu,m. musculus,CTCTGACTGTGTGTAGACCATACTCAC,GCTAGTTATTGCTCAGCGGTTCCACTCCCTACCGAGAAGCGT,10.0,10.0,Taq DNA Polymerase,Goodrich Blue PCR Machine,1,95,1,0,95,0,60,0,72,35,7,72,1,370.0,1200.0,0,30,30,30,0,NEB,M0273L,cDNA,μg,True,True,False,bp,False
6/30/2020 12:00,Tara Jourabchi,tajo3285@colorado.edu,m. musculus,CTCTGACTGTGTGTAGACCATACTCAC,GCTAGTTATTGCTCAGCGGTTCCACTCCCTACCGAGAAGCGT,10.0,10.0,Taq DNA Polymerase,Goodrich Blue PCR Machine,1,95,1,0,95,0,55,0,72,35,7,72,1,370.0,1000.0,0,30,30,30,0,NEB,M0273L,cDNA,μg,False,False,True,bp,False
07/10/2020 14:33:04,Tara Jourabchi,tajo3285@colorado.edu,m. musculus,CTA TGG GGC ACC GTC TGA TTC CG ,GCTAGTTATTGCTCAGCGG GT CTG GTT TGG CGG CGG ,10.0,10.0,Taq DNA Polymerase,Goodrich Blue PCR Machine,1,95,1,0,95,0,55,0,72,35,7,72,1,298.0,1000.0,0,30,30,30,0,NEB,M0273L,cDNA,μg,True,False,False,bp,False
07/10/2020 14:34:30,Tara Jourabchi,tajo3285@colorado.edu,m. musculus,CTC TGA CTG TGT GTA GAC CAT ACT CAC,GCTAGTTATTGCTCAGCGGTTCCACTCCCTACCGAGAAGCGT ,10.0,10.0,Taq DNA Polymerase,Goodrich Blue PCR Machine,1,95,1,0,95,0,55,0,72,35,7,72,1,370.0,1000.0,0,30,30,30,0,NEB,M0273L,cDNA,μg,True,False,False,bp,False
07/10/2020 14:35:14,Tara Jourabchi,tajo3285@colorado.edu,m. musculus,GCTAGTTATTGCTCAGCGGAGAGGGTTGGTAGTTGTCGCTG,TCCACATCTAAGTCCATTAACTTCATTTCATAGTC,10.0,10.0,Taq DNA Polymerase,Goodrich Blue PCR Machine,1,95,1,0,95,0,55,0,72,35,7,72,1,515.0,1000.0,0,30,30,30,0,NEB,M0273L,cDNA,μg,True,False,False,bp,False
07/10/2020 14:35:50,Tara Jourabchi,tajo3285@colorado.edu,m. musculus,CGGAACAGGAATGTGGACTCGTAG,GCTAGTTATTGCTCAGCGGCCTATTTATGTTTCTACTCGGGAACAAACG,10.0,10.0,Taq DNA Polymerase,Goodrich Blue PCR Machine,1,95,1,0,95,0,55,0,72,35,7,72,1,218.0,1000.0,0,30,30,30,0,NEB,M0273L,cDNA,μg,True,False,False,bp,False
07/10/2020 14:39:15,Tara Jourabchi,tajo3285@colorado.edu,m. musculus,GGG TGT GGC TTT ACC ATA ACC AAT C ,GCTAGTTATTGCTCAGCGG GGA GTC ATC ACA GAA GTG GAC ATT AAG   ,10.0,10.0,Taq DNA Polymerase,Goodrich Blue PCR Machine,1,95,1,0,95,0,55,0,72,35,7,72,1,188.0,1000.0,0,30,30,30,0,NEB,M0273L,cDNA,μg,False,True,False,bp,False
07/29/2020 15:30:27,Tara Jourabchi,tajo3285@colorado.edu,m. musculus,GTCCCACACTCTTAGAGTTTTGTCTCTTG,GCTAGTTATTGCTCAGCGG AC GGT TGC TTT TGC TCC TGA TGG,10.0,10.0,Taq DNA Polymerase,Goodrich Blue PCR Machine,1,95,1,0,95,0,60,0,72,36,7,72,1,502.0,1000.0,0,30,30,30,0,NEB,M0273L,cDNA,μg,True,True,False,bp,False
08/25/2020 15:32:46,Tara Jourabchi,tajo3285@colorado.edu,m. musculus,ACG CTT TCT AAT ACC AAG GAG TCT ACA C,GCTAGTTATTGCTCAGCGGCACCGGCAGGCGTTAAACC,10.0,10.0,Taq DNA Polymerase,Goodrich Blue PCR Machine,1,95,1,0,95,0,60,0,72,36,7,72,1,417.0,1000.0,0,30,30,30,0,NEB,M0273L,cDNA,μg,False,True,False,bp,False
09/11/2020 15:34:37,Tara Jourabchi,tajo3285@colorado.edu,m. musculus,AGGAAATTGGATGGTAACACAGAGTCGC,GCTAGTTATTGCTCAGCGG ACT GTC CGA AAA AGG AGC TGC TTC,10.0,10.0,Taq DNA Polymerase,Goodrich Blue PCR Machine,1,95,1,0,95,0,60,0,72,36,7,72,1,427.0,1000.0,0,30,30,30,0,NEB,M0273L,cDNA,μg,True,True,False,bp,False
09/11/2020 15:37:24,Tara Jourabchi,tajo3285@colorado.edu,m. musculus,GACAAGAAATGTGGTGGTGAGAAC,GCTAGTTATTGCTCAGCGG CCATCTGGAGCAAAAGTTAAATCTCTAACC,10.0,10.0,Taq DNA Polymerase,Goodrich Blue PCR Machine,1,95,1,0,95,0,60,0,72,36,7,72,1,457.0,1000.0,0,30,30,30,0,NEB,M0273L,cDNA,μg,True,True,False,bp,False
